3.48,3.48,6.61,7.95,13.91
8.06,8.06,11.81,8.75,15.69
11.36,11.36,10.27,10.58,43.26
11.89,11.89,12.76,16.30,61.53
8.37,8.37,19.67,23.00,70.01
2.77,2.77,15.07,28.52,74.41
3.45,3.45,13.20,33.94,75.52
7.76,7.76,12.63,34.12,78.09
12.55,12.55,14.02,35.91,73.89
14.11,14.11,15.28,32.66,76.83
14.88,14.88,14.40,34.90,75.68
20.11,20.11,12.35,37.47,75.54
24.52,24.52,12.01,38.51,76.21
27.55,27.55,12.26,36.71,76.62
26.88,26.88,17.85,37.17,77.96
27.22,27.22,20.54,30.54,78.95
29.21,29.21,25.47,25.45,79.56
30.14,30.14,31.41,20.67,78.95
30.99,30.99,30.04,25.08,79.28
30.78,30.78,36.55,20.88,80.35
32.02,32.02,40.93,24.48,80.91
33.76,33.76,43.65,18.51,80.96
30.47,30.47,31.55,14.08,81.23
29.92,29.92,40.67,13.46,81.13
30.37,30.37,35.35,14.98,81.74
31.22,31.22,40.39,19.65,80.64
30.67,30.67,37.62,15.66,79.96
32.04,32.04,44.86,14.96,80.21
33.26,33.26,38.29,11.55,79.72
32.89,32.89,44.71,14.07,78.80
30.63,30.63,38.83,11.66,78.43
26.90,26.90,34.57,13.23,77.60
22.98,22.98,33.62,14.86,76.00
15.81,15.81,29.67,18.69,71.51
16.35,16.35,30.66,24.49,81.14
17.09,17.09,21.70,22.17,83.71
17.62,17.62,23.01,21.15,84.49
17.24,17.24,17.08,12.30,82.97
14.73,14.73,17.38,11.83,83.41
13.39,13.39,14.36,11.34,85.53
11.14,11.14,13.27,17.90,84.33
10.34,10.34,12.52,20.84,83.94
14.00,14.00,11.70,21.49,83.83
15.45,15.45,13.96,19.21,84.76
13.39,13.39,12.69,19.77,84.68
9.85,9.85,10.60,19.35,79.90
8.25,8.25,14.98,15.67,74.89
7.70,7.70,13.30,19.37,73.88
10.19,10.19,12.55,20.97,85.64
11.57,11.57,13.88,23.45,78.46
14.32,14.32,17.73,19.82,79.00
15.62,15.62,14.84,21.54,81.24
18.38,18.38,14.79,18.30,79.70
18.90,18.90,18.29,17.75,79.71
19.01,19.01,15.86,18.61,77.92
17.89,17.89,16.62,15.73,76.65
15.94,15.94,16.34,12.12,82.33
17.23,17.23,15.78,15.89,80.27
18.32,18.32,17.30,14.28,77.46
19.47,19.47,18.81,17.18,78.22
20.26,20.26,18.81,13.72,78.85
18.68,18.68,19.42,16.97,78.22
17.80,17.80,16.31,19.22,80.29
17.27,17.27,16.28,15.67,78.69
17.49,17.49,14.66,17.91,82.81
16.08,16.08,12.27,13.12,81.61
15.27,15.27,12.41,13.21,81.22
13.42,13.42,10.29,14.51,79.27
10.45,10.45,7.35,14.34,80.51
9.39,9.39,7.38,8.85,82.81
13.53,13.53,8.37,18.22,81.79
13.83,13.83,12.81,19.72,79.58
14.80,14.80,16.40,14.75,81.55
13.85,13.85,16.18,14.09,76.03
13.21,13.21,15.21,15.34,80.62
14.30,14.30,8.95,12.02,78.84
13.02,13.02,3.42,11.48,77.47
13.11,13.11,6.70,22.25,78.54
14.61,14.61,8.51,26.37,81.91
15.48,15.48,6.65,27.60,81.99
13.36,13.36,6.81,25.33,80.11
11.64,11.64,8.12,32.67,75.29
10.74,10.74,8.30,29.87,77.26
10.12,10.12,9.30,32.18,77.63
10.40,10.40,7.98,32.59,78.33
13.21,13.21,8.49,28.77,79.39
13.78,13.78,8.50,33.82,77.53
13.04,13.04,6.85,26.32,77.75
9.01,9.01,4.46,24.18,78.68
9.71,9.71,3.84,20.56,74.63
11.35,11.35,5.46,24.62,76.75
10.61,10.61,7.32,21.30,74.03
11.35,11.35,10.12,25.74,75.75
13.81,13.81,13.35,26.07,76.60
17.88,17.88,15.64,28.59,80.57
24.03,24.03,19.48,28.20,81.22
24.69,24.69,19.76,23.11,81.93
24.72,24.72,20.06,26.38,79.94
21.73,21.73,17.56,27.58,77.83
17.58,17.58,14.06,26.84,79.26
15.49,15.49,14.78,23.65,77.77
18.86,18.86,17.95,24.97,80.45
19.79,19.79,18.57,25.18,80.52
20.90,20.90,18.61,27.78,75.53
17.09,17.09,17.28,25.00,77.23
19.05,19.05,18.95,30.24,73.94
22.49,22.49,19.47,23.53,75.34
24.11,24.11,18.56,25.59,75.25
25.66,25.66,20.14,30.01,77.24
23.57,23.57,19.67,25.65,77.22
19.29,19.29,17.95,27.73,77.07
14.21,14.21,18.63,26.54,77.39
15.01,15.01,16.55,26.02,73.31
19.64,19.64,18.99,18.26,73.03
20.77,20.77,19.16,27.36,73.37
22.85,22.85,21.50,28.40,74.58
23.23,23.23,24.15,22.64,76.49
23.49,23.49,21.45,28.29,78.06
23.96,23.96,22.90,19.70,78.35
17.15,17.15,17.25,15.82,77.45
11.92,11.92,15.65,10.47,73.67
13.72,13.72,15.74,10.88,79.34
18.88,18.88,18.28,10.61,82.59
18.79,18.79,18.78,14.38,77.73
16.34,16.34,16.11,19.31,80.69
14.57,14.57,15.62,24.89,77.97
17.24,17.24,17.60,27.48,73.22
20.74,20.74,19.55,24.42,75.04
23.53,23.53,18.81,24.99,72.58
24.30,24.30,17.53,23.13,74.17
19.14,19.14,16.31,25.19,73.22
16.94,16.94,12.36,26.47,72.13
20.24,20.24,18.17,26.10,73.24
20.57,20.57,24.42,24.17,72.09
23.65,23.65,27.85,20.36,75.58
24.06,24.06,28.59,22.31,76.81
23.76,23.76,28.18,27.30,76.10
21.65,21.65,28.81,24.44,78.50
19.10,19.10,21.33,20.35,78.07
17.85,17.85,20.88,21.04,76.59
18.28,18.28,24.32,20.66,77.83
22.28,22.28,26.98,21.50,77.92
24.65,24.65,27.75,22.12,78.41
25.73,25.73,28.09,26.28,79.95
26.37,26.37,26.47,22.81,80.68
24.26,24.26,25.20,24.32,80.60
20.52,20.52,20.94,24.88,76.25
20.95,20.95,23.30,22.47,76.03
25.84,25.84,30.87,17.83,74.72
26.33,26.33,31.39,22.13,78.21
25.58,25.58,30.53,19.37,76.23
23.98,23.98,28.99,20.69,73.95
22.94,22.94,26.06,13.28,75.30
21.63,21.63,21.64,14.75,75.24
22.51,22.51,21.43,11.43,76.04
26.87,26.87,26.59,12.66,77.24
27.52,27.52,28.54,15.75,77.90
25.02,25.02,27.19,16.58,75.50
21.62,21.62,25.26,11.00,76.06
15.98,15.98,23.74,13.39,74.84
14.74,14.74,21.47,11.97,73.37
15.80,15.80,21.52,17.34,71.98
20.47,20.47,25.37,23.26,75.66
22.91,22.91,27.20,23.92,76.15
26.04,26.04,27.13,17.14,76.79
26.76,26.76,26.12,24.38,77.05
25.14,25.14,23.71,28.88,77.07
19.84,19.84,20.53,33.29,73.48
24.03,24.03,25.62,34.55,74.68
29.28,29.28,28.60,34.77,76.99
29.62,29.62,28.87,31.09,77.45
29.31,29.31,29.80,28.35,77.82
27.77,27.77,25.87,23.88,78.10
27.19,27.19,26.80,18.79,77.30
27.02,27.02,29.50,24.42,76.31
17.02,17.02,17.80,25.15,75.41
20.79,20.79,22.19,23.03,74.86
25.17,25.17,26.31,13.78,77.92
24.47,24.47,25.45,13.05,79.57
21.74,21.74,21.67,20.97,78.90
20.94,20.94,20.51,21.80,79.32
20.68,20.68,20.19,23.50,78.03
22.19,22.19,20.87,23.93,77.07
23.78,23.78,21.64,26.78,76.77
25.51,25.51,22.92,23.68,78.30
25.28,25.28,22.84,17.85,78.59
23.99,23.99,21.92,24.27,78.94
23.91,23.91,23.00,22.42,78.34
24.62,24.62,22.52,25.14,78.34
24.50,24.50,21.77,30.64,76.00
24.19,24.19,22.13,24.52,76.76
22.68,22.68,21.33,27.39,77.73
20.60,20.60,20.23,30.09,79.29
19.09,19.09,20.75,26.97,77.57
21.33,21.33,22.79,24.08,78.67
24.87,24.87,25.61,27.90,78.40
23.63,23.63,25.46,25.89,75.11
22.50,22.50,29.62,33.58,71.56
20.13,20.13,26.07,22.48,71.84
19.74,19.74,30.87,29.50,76.85
19.40,19.40,35.97,27.13,79.38
23.48,23.48,36.20,28.87,79.94
26.19,26.19,31.87,23.92,80.51
25.89,25.89,28.53,20.48,81.19
23.92,23.92,26.98,18.73,80.14
25.05,25.05,28.67,9.99,78.93
20.20,20.20,24.57,7.76,73.34
11.05,11.05,15.73,2.59,73.19
18.27,18.27,22.09,6.03,74.35
26.81,26.81,28.35,6.16,76.39
25.62,25.62,27.83,6.46,76.25
22.63,22.63,26.34,16.17,75.29
23.11,23.11,27.19,14.08,73.98
24.27,24.27,28.05,12.78,74.17
21.45,21.45,26.31,11.18,73.47
20.47,20.47,23.17,8.79,72.84
18.78,18.78,21.40,9.51,72.41
16.37,16.37,19.88,17.64,73.73
18.76,18.76,22.13,19.82,74.43
19.84,19.84,22.15,21.87,74.39
18.18,18.18,20.58,20.57,74.30
17.95,17.95,22.33,24.38,74.13
21.27,21.27,26.68,23.10,76.97
24.00,24.00,27.87,22.35,78.12
24.10,24.10,26.84,22.73,80.02
23.76,23.76,27.53,10.33,80.43
20.77,20.77,23.29,21.74,78.46
18.57,18.57,17.42,18.34,76.54
15.58,15.58,16.33,19.64,75.32
15.51,15.51,20.41,12.98,73.38
18.19,18.19,21.99,18.02,76.71
20.08,20.08,22.83,18.99,78.40
22.07,22.07,24.23,23.29,79.04
24.30,24.30,25.84,25.38,75.27
24.85,24.85,25.58,19.58,79.71
21.87,21.87,23.22,21.93,76.49
19.86,19.86,20.08,23.18,79.13
19.70,19.70,19.50,21.77,78.55
18.54,18.54,20.52,13.78,78.60
16.53,16.53,20.60,14.21,79.83
19.21,19.21,23.10,14.74,78.88
19.14,19.14,21.60,17.61,75.61
19.46,19.46,22.75,20.01,76.10
20.42,20.42,25.48,21.82,76.53
23.83,23.83,29.05,21.16,75.66
24.67,24.67,28.11,24.62,74.72
22.74,22.74,25.18,24.58,76.69
21.79,21.79,25.61,23.34,77.36
19.04,19.04,23.48,21.57,78.44
14.15,14.15,17.09,23.79,74.24
14.37,14.37,18.05,18.20,73.86
16.37,16.37,21.27,21.45,72.75
17.72,17.72,23.78,20.37,73.71
15.86,15.86,21.98,24.51,72.05
15.18,15.18,22.77,25.84,72.74
18.51,18.51,23.38,22.39,74.60
20.22,20.22,21.93,19.32,75.08
19.45,19.45,19.52,19.29,76.21
15.35,15.35,14.99,8.31,75.75
12.45,12.45,12.46,11.46,74.14
10.12,10.12,10.80,7.19,76.06
17.70,17.70,16.88,7.61,76.47
19.18,19.18,21.12,7.29,75.56
20.30,20.30,23.44,10.17,75.97
16.34,16.34,18.19,15.05,78.12
15.29,15.29,15.99,12.95,75.52
13.90,13.90,13.83,15.10,76.28
15.66,15.66,13.81,10.30,79.04
16.99,16.99,14.28,18.61,75.37
17.06,17.06,13.86,9.06,73.85
19.82,19.82,15.34,17.48,74.30
20.91,20.91,16.51,18.15,76.00
18.57,18.57,14.87,16.67,74.41
18.05,18.05,12.47,24.58,73.48
20.45,20.45,14.47,19.40,73.74
22.96,22.96,17.44,24.54,74.21
23.52,23.52,19.25,11.59,75.14
23.75,23.75,19.72,23.05,75.02
23.56,23.56,21.24,19.81,75.63
24.27,24.27,26.74,21.87,76.69
25.83,25.83,25.99,21.74,77.44
24.78,24.78,32.35,24.17,75.18
25.70,25.70,35.72,19.61,74.72
26.33,26.33,34.40,15.38,73.91
25.38,25.38,42.81,19.78,76.50
29.32,29.32,41.82,20.04,76.57
28.83,28.83,41.88,17.38,74.35
25.14,25.14,38.50,15.13,69.40
23.66,23.66,30.53,19.22,69.40
18.95,18.95,17.81,13.15,69.04
19.73,19.73,14.11,1.24,73.99
17.10,17.10,15.50,0.01,75.21
18.29,18.29,16.69,-0.00,75.62
20.14,20.14,18.01,-0.00,73.63
17.07,17.07,15.64,-0.00,75.25
12.95,12.95,12.50,1.28,71.08
18.24,18.24,16.66,1.90,72.13
20.82,20.82,19.48,0.01,73.21
25.31,25.31,21.75,0.20,73.05
25.22,25.22,21.25,2.37,71.64
25.97,25.97,18.59,2.26,72.09
19.96,19.96,14.92,3.15,71.34
24.86,24.86,16.42,11.18,71.33
23.25,23.25,17.13,12.83,73.74
22.83,22.83,19.12,10.55,73.52
24.59,24.59,19.39,17.72,76.10
24.90,24.90,19.23,17.91,76.15
25.78,25.78,22.13,17.74,75.91
25.34,25.34,21.20,21.59,76.00
26.69,26.69,18.38,21.61,76.04
27.01,27.01,18.49,12.55,74.17
21.81,21.81,17.97,25.55,74.02
17.91,17.91,12.34,15.48,72.68
18.28,18.28,14.60,13.10,72.80
16.86,16.86,15.54,12.33,74.08
19.27,19.27,17.16,14.89,73.55
23.97,23.97,16.95,21.07,72.11
28.38,28.38,15.14,19.11,72.52
29.52,29.52,15.48,18.08,73.92
30.94,30.94,15.54,14.64,72.66
30.60,30.60,16.21,18.67,74.53
22.96,22.96,12.12,12.46,71.69
14.66,14.66,6.47,0.74,71.55
14.00,14.00,3.57,-0.00,75.41
19.52,19.52,8.56,-0.00,73.95
23.30,23.30,10.21,0.04,71.76
24.32,24.32,12.04,2.36,73.51
26.72,26.72,15.19,5.27,73.00
30.08,30.08,19.37,10.36,75.79
30.27,30.27,19.55,3.94,77.54
26.87,26.87,16.25,9.26,74.87
25.06,25.06,16.01,8.56,78.25
20.69,20.69,12.78,11.73,76.65
18.38,18.38,12.30,10.11,72.54
21.89,21.89,20.64,6.23,73.86
24.37,24.37,21.75,15.60,75.80
28.62,28.62,20.43,20.62,77.21
30.57,30.57,20.61,19.53,76.51
27.45,27.45,16.85,23.74,70.69
26.05,26.05,14.84,15.69,74.88
24.47,24.47,12.60,21.92,76.20
18.58,18.58,10.20,19.28,75.92
13.08,13.08,5.70,22.96,72.81
8.63,8.63,1.69,18.18,77.81
6.17,6.17,0.31,10.50,77.71
12.71,12.71,1.53,12.88,76.26
16.76,16.76,6.88,15.32,74.29
20.23,20.23,7.62,12.87,76.86
22.90,22.90,7.82,7.09,75.56
24.46,24.46,7.04,10.62,74.17
24.23,24.23,5.72,9.13,75.52
24.42,24.42,4.73,8.44,76.59
25.09,25.09,6.22,14.05,75.83
26.69,26.69,5.68,14.21,75.06
27.81,27.81,7.75,10.57,76.50
27.34,27.34,7.82,12.65,75.95
26.65,26.65,11.25,16.30,75.30
27.91,27.91,16.12,18.09,75.68
27.99,27.99,16.54,16.15,76.64
30.63,30.63,15.06,15.57,76.67
29.41,29.41,15.24,16.48,74.76
27.41,27.41,21.40,16.47,72.91
27.79,27.79,23.78,13.93,74.06
29.84,29.84,25.47,14.53,75.11
27.90,27.90,24.58,13.55,75.84
29.05,29.05,25.73,16.60,77.91
27.92,27.92,35.28,12.53,77.83
27.19,27.19,36.03,15.94,78.26
25.07,25.07,37.37,18.69,76.45
25.10,25.10,38.43,15.07,72.87
27.23,27.23,28.79,13.87,71.73
27.56,27.56,28.07,5.90,73.50
24.67,24.67,21.47,5.60,76.37
19.83,19.83,17.25,4.79,77.06
16.49,16.49,18.70,0.99,79.08
14.56,14.56,21.06,1.47,78.58
16.59,16.59,19.41,-0.00,77.44
18.49,18.49,19.14,-0.00,78.80
20.84,20.84,19.18,1.48,78.30
20.85,20.85,18.77,3.85,78.08
20.09,20.09,18.10,3.40,77.59
18.62,18.62,21.28,5.71,78.53
18.48,18.48,22.44,2.46,75.61
18.57,18.57,20.34,2.00,78.29
19.49,19.49,17.98,6.26,78.84
21.85,21.85,13.11,11.67,79.00
20.80,20.80,14.96,8.63,81.72
21.87,21.87,17.51,12.39,82.58
22.64,22.64,17.73,8.87,81.68
19.92,19.92,14.79,12.50,81.51
16.42,16.42,12.90,12.08,78.99
14.15,14.15,14.60,14.54,73.50
16.87,16.87,18.09,10.66,75.75
17.06,17.06,17.75,11.23,74.96
10.95,10.95,13.26,16.59,74.41
8.48,8.48,11.07,14.05,73.63
9.83,9.83,10.86,9.63,78.53
19.40,19.40,16.94,11.74,82.58
23.59,23.59,19.18,18.87,80.93
23.40,23.40,16.92,23.98,80.78
21.96,21.96,16.74,13.47,80.73
22.31,22.31,18.26,21.12,77.31
22.23,22.23,21.20,21.02,74.45
20.93,20.93,22.08,18.26,77.34
18.38,18.38,20.36,16.46,81.76
14.19,14.19,14.91,11.69,82.57
10.88,10.88,8.10,4.35,80.37
10.15,10.15,7.93,4.54,77.41
13.41,13.41,12.52,0.80,79.74
14.23,14.23,15.65,0.86,80.59
13.40,13.40,14.14,6.39,80.18
12.36,12.36,11.31,4.60,78.62
12.03,12.03,11.85,10.09,78.04
12.08,12.08,14.57,13.27,79.41
11.72,11.72,15.51,9.02,80.21
13.46,13.46,17.17,9.31,77.69
14.68,14.68,18.02,13.03,76.02
15.13,15.13,15.66,14.05,78.73
19.20,19.20,19.75,19.27,79.98
21.29,21.29,22.29,15.97,82.43
18.78,18.78,20.87,10.02,79.37
17.34,17.34,20.03,10.39,77.93
13.77,13.77,19.39,17.18,77.87
16.08,16.08,22.74,25.20,75.40
18.05,18.05,24.00,29.03,77.78
19.21,19.21,23.85,24.23,78.87
18.24,18.24,22.19,14.62,81.02
15.92,15.92,17.12,9.17,80.80
11.50,11.50,11.93,14.31,77.94
8.78,8.78,8.49,8.74,74.46
13.42,13.42,12.32,9.11,74.78
16.10,16.10,14.89,5.94,77.15
16.98,16.98,16.70,5.44,78.07
14.88,14.88,14.33,14.57,76.90
12.21,12.21,13.35,11.92,77.34
13.46,13.46,15.61,17.39,76.51
15.01,15.01,16.25,20.67,74.35
16.06,16.06,16.83,22.55,72.38
15.34,15.34,14.97,25.03,72.33
15.06,15.06,15.95,21.04,71.76
16.00,16.00,15.30,18.52,69.48
19.05,19.05,17.92,26.22,73.81
22.83,22.83,19.47,28.60,76.65
24.84,24.84,20.72,28.86,74.55
25.11,25.11,17.91,29.13,74.95
25.30,25.30,15.08,24.16,74.63
23.44,23.44,15.97,22.58,72.46
19.90,19.90,11.91,25.34,71.31
15.33,15.33,7.41,25.15,70.13
18.50,18.50,5.28,29.00,70.48
22.83,22.83,6.44,33.28,70.50
22.17,22.17,13.17,25.04,69.24
23.82,23.82,20.27,26.73,69.57
26.22,26.22,27.01,24.26,66.49
23.60,23.60,30.19,34.62,71.36
24.57,24.57,31.68,30.97,76.71
26.37,26.37,30.65,26.92,77.81
24.93,24.93,28.87,27.12,77.40
22.43,22.43,25.98,22.24,74.70
17.93,17.93,18.43,20.21,75.09
16.43,16.43,10.37,10.50,75.16
12.52,12.52,8.30,2.05,77.30
16.32,16.32,13.01,0.11,76.34
18.90,18.90,14.80,4.84,74.38
21.70,21.70,18.98,8.78,75.91
21.29,21.29,19.04,19.91,76.67
17.12,17.12,16.86,16.84,76.00
15.97,15.97,17.34,19.77,74.87
17.57,17.57,14.69,16.88,75.88
15.45,15.45,15.36,27.79,75.03
13.39,13.39,8.20,25.52,76.20
14.43,14.43,3.02,17.55,72.53
13.41,13.41,2.78,26.14,73.36
11.24,11.24,4.41,21.16,74.84
13.67,13.67,8.82,23.57,73.81
18.04,18.04,15.61,20.74,74.79
20.91,20.91,19.96,20.20,74.97
23.84,23.84,22.02,16.74,76.33
23.72,23.72,23.21,23.91,75.51
23.81,23.81,23.85,25.93,74.16
23.94,23.94,21.69,23.33,73.27
21.64,21.64,18.36,28.29,73.98
20.40,20.40,15.15,22.60,73.29
19.14,19.14,17.58,25.09,71.14
20.64,20.64,17.83,22.12,71.87
20.27,20.27,22.53,27.89,69.70
21.12,21.12,24.97,22.40,72.36
23.00,23.00,22.69,17.72,72.94
21.43,21.43,23.56,19.47,70.20
19.75,19.75,22.63,24.86,70.23
18.92,18.92,20.29,22.70,70.62
11.98,11.98,12.48,16.93,72.24
6.06,6.06,5.44,9.33,73.40
13.92,13.92,4.54,9.39,76.29
10.93,10.93,5.80,7.91,77.37
16.42,16.42,10.71,4.56,76.64
17.63,17.63,17.40,5.53,77.85
26.30,26.30,21.29,11.63,79.83
29.79,29.79,22.44,9.89,82.66
30.94,30.94,23.30,12.00,81.51
31.03,31.03,22.57,15.60,80.66
26.67,26.67,20.24,17.85,80.73
23.91,23.91,17.62,20.74,77.11
21.53,21.53,16.20,22.05,76.26
17.34,17.34,23.43,26.05,78.04
19.97,19.97,24.13,27.78,76.97
20.88,20.88,27.20,28.15,73.29
18.88,18.88,27.27,30.69,72.99
19.46,19.46,28.01,29.63,71.04
20.58,20.58,28.47,28.22,75.98
22.51,22.51,27.16,24.41,78.56
23.20,23.20,26.20,23.03,79.83
21.02,21.02,19.88,22.72,77.52
19.79,19.79,18.68,10.22,77.65
17.71,17.71,13.07,2.87,76.57
19.85,19.85,14.91,0.40,76.94
19.83,19.83,22.89,0.17,76.90
22.53,22.53,27.44,0.44,78.05
24.19,24.19,27.32,4.14,79.50
23.61,23.61,26.22,3.64,76.23
24.74,24.74,25.81,0.74,75.91
24.44,24.44,23.85,0.14,79.06
21.76,21.76,22.83,1.34,78.78
20.47,20.47,22.42,2.16,76.30
19.04,19.04,20.83,4.15,76.15
20.65,20.65,21.66,2.70,75.93
23.35,23.35,22.08,1.45,76.48
22.90,22.90,22.48,1.41,77.12
21.53,21.53,22.71,2.12,73.79
21.27,21.27,23.79,3.73,73.66
20.79,20.79,25.50,5.33,74.01
21.35,21.35,26.03,9.07,73.23
23.70,23.70,29.13,9.70,71.32
24.08,24.08,30.47,7.84,73.33
22.46,22.46,36.30,3.43,74.00
18.57,18.57,38.57,6.99,76.37
18.32,18.32,34.15,10.37,73.96
18.49,18.49,39.17,12.17,73.95
18.67,18.67,36.46,13.55,73.07
20.62,20.62,41.21,11.89,72.53
22.89,22.89,35.99,11.98,76.68
25.59,25.59,31.75,11.23,79.27
27.01,27.01,31.43,11.85,79.92
25.91,25.91,28.47,11.61,78.99
20.77,20.77,24.34,8.33,75.82
16.86,16.86,18.91,2.05,73.76
19.36,19.36,24.51,2.32,77.51
21.58,21.58,27.30,4.58,75.36
19.99,19.99,27.05,5.48,79.37
17.94,17.94,25.00,5.94,76.61
19.75,19.75,26.49,6.72,77.53
22.16,22.16,28.15,4.68,77.67
20.51,20.51,25.40,6.14,76.47
21.47,21.47,26.28,13.12,76.46
21.62,21.62,23.59,15.62,78.90
20.27,20.27,16.13,11.33,76.29
17.49,17.49,13.97,10.03,77.09
17.48,17.48,17.53,6.31,74.43
18.01,18.01,18.76,10.15,76.07
17.69,17.69,19.25,12.83,73.60
17.53,17.53,21.73,9.69,76.46
18.84,18.84,25.57,8.63,78.03
20.40,20.40,28.52,6.91,80.94
21.70,21.70,29.95,7.51,79.94
22.50,22.50,29.19,12.53,78.21
19.58,19.58,36.01,7.31,76.55
16.55,16.55,38.90,4.89,73.11
16.12,16.12,37.97,8.30,70.40
17.68,17.68,37.30,13.95,73.00
20.99,20.99,42.81,16.74,74.16
23.16,23.16,41.45,16.42,75.71
23.42,23.42,42.47,13.70,75.28
20.86,20.86,41.37,8.38,78.57
23.13,23.13,43.02,7.14,76.30
21.86,21.86,34.34,13.28,77.00
20.84,20.84,18.93,17.46,74.05
23.35,23.35,14.58,15.84,76.05
18.18,18.18,8.35,10.57,78.36
12.45,12.45,9.30,14.83,76.57
13.23,13.23,13.29,17.09,76.65
18.28,18.28,19.12,17.50,77.73
22.19,22.19,23.14,17.81,75.97
27.51,27.51,27.09,18.03,78.98
31.14,31.14,30.04,17.17,77.70
28.45,28.45,27.85,15.68,78.31
25.93,25.93,25.33,13.19,77.59
18.55,18.55,17.53,14.09,75.50
23.44,23.44,22.45,18.74,76.63
26.14,26.14,25.29,18.04,76.55
27.93,27.93,25.20,12.56,75.07
25.20,25.20,22.43,11.93,75.11
23.64,23.64,20.39,15.42,75.54
26.01,26.01,23.33,16.88,75.54
30.80,30.80,25.86,20.12,73.83
33.72,33.72,27.86,19.55,75.29
33.99,33.99,26.36,16.22,75.26
31.15,31.15,23.51,14.74,74.37
23.53,23.53,21.03,11.82,77.54
20.30,20.30,24.14,8.72,77.90
21.78,21.78,24.12,4.08,80.13
23.66,23.66,26.00,5.94,81.23
23.86,23.86,26.13,4.44,80.11
26.88,26.88,26.64,8.93,81.14
25.90,25.90,26.95,16.15,79.17
25.06,25.06,26.71,23.64,78.71
24.20,24.20,27.09,24.47,80.93
25.49,25.49,26.19,23.12,79.72
27.17,27.17,26.30,21.31,80.78
26.99,26.99,25.36,19.98,79.40
27.76,27.76,26.59,20.41,79.95
29.35,29.35,26.90,22.99,78.37
28.53,28.53,25.84,18.24,80.15
28.33,28.33,26.02,22.34,79.97
28.40,28.40,26.44,23.51,78.70
29.62,29.62,24.37,21.59,78.95
30.25,30.25,24.13,17.94,78.38
28.75,28.75,24.77,20.28,78.96
27.07,27.07,24.27,24.35,77.46
27.48,27.48,23.71,16.12,77.99
28.49,28.49,24.20,21.56,77.79
28.52,28.52,24.15,23.38,78.00
28.29,28.29,23.96,23.63,75.76
28.36,28.36,24.09,22.38,77.42
29.20,29.20,24.44,22.28,77.11
30.34,30.34,24.69,13.58,76.66
30.68,30.68,24.57,21.54,76.44
28.70,28.70,24.06,14.92,75.07
25.05,25.05,21.50,16.90,76.25
23.89,23.89,19.81,13.55,74.83
24.20,24.20,19.13,18.22,78.76
21.97,21.97,17.00,18.15,78.92
21.48,21.48,16.68,21.85,79.65
20.73,20.73,16.26,17.58,79.97
21.60,21.60,17.18,14.98,80.14
24.71,24.71,22.16,17.08,80.34
26.90,26.90,24.47,13.45,80.39
29.28,29.28,27.08,16.09,80.09
29.55,29.55,27.69,20.02,81.39
29.39,29.39,26.16,18.43,80.41
28.21,28.21,25.18,17.92,81.05
23.99,23.99,26.51,18.51,79.74
18.77,18.77,21.89,16.34,78.42
20.25,20.25,25.57,18.29,79.28
22.36,22.36,27.15,20.10,80.11
22.22,22.22,26.65,15.61,77.92
23.62,23.62,24.44,18.66,79.66
24.28,24.28,24.19,16.78,77.83
22.58,22.58,23.40,15.57,75.15
18.88,18.88,21.99,17.25,75.94
20.58,20.58,24.08,13.42,77.65
20.66,20.66,24.42,15.54,74.88
20.92,20.92,27.26,16.01,73.83
20.55,20.55,28.78,20.68,77.11
22.43,22.43,28.61,15.18,74.54
21.35,21.35,31.03,19.79,75.51
21.24,21.24,30.28,15.25,75.41
23.71,23.71,29.59,13.21,73.62
24.62,24.62,30.11,11.82,77.17
20.62,20.62,27.61,11.23,72.45
19.89,19.89,24.46,15.30,70.68
20.30,20.30,22.29,12.99,71.01
20.99,20.99,18.85,18.56,74.76
21.60,21.60,19.59,17.83,77.33
20.36,20.36,19.23,16.80,76.30
21.07,21.07,24.31,18.73,79.33
23.03,23.03,23.93,17.49,78.40
26.58,26.58,26.06,18.54,78.15
27.30,27.30,27.33,20.30,78.64
25.45,25.45,26.15,26.74,77.79
25.08,25.08,25.89,23.91,76.67
25.43,25.43,24.88,20.47,75.82
29.02,29.02,28.13,21.34,73.68
28.66,28.66,29.00,23.84,76.28
26.25,26.25,27.30,24.67,73.70
26.74,26.74,26.59,23.26,75.70
26.79,26.79,24.63,22.99,75.81
28.92,28.92,27.57,29.76,77.18
29.86,29.86,26.92,27.07,79.98
28.95,28.95,27.70,24.77,80.59
26.33,26.33,26.83,24.10,79.27
25.61,25.61,22.91,21.99,80.54
24.23,24.23,16.55,28.38,82.69
26.81,26.81,19.15,26.76,81.55
28.68,28.68,14.33,28.01,80.94
21.43,21.43,21.82,25.08,78.42
18.78,18.78,24.08,30.17,80.88
21.50,21.50,25.83,27.37,79.07
22.99,22.99,24.66,27.03,79.45
23.21,23.21,24.34,25.09,77.79
23.85,23.85,25.95,25.16,80.40
21.63,21.63,23.27,24.08,80.03
20.43,20.43,22.23,20.40,79.75
19.52,19.52,19.99,20.58,78.17
22.27,22.27,20.34,24.77,79.27
23.65,23.65,21.15,21.20,78.43
22.32,22.32,19.74,15.62,77.10
22.90,22.90,20.18,18.18,77.47
26.22,26.22,22.49,23.30,77.08
26.59,26.59,23.05,19.07,77.25
27.16,27.16,24.06,9.77,77.76
27.14,27.14,25.39,11.43,78.62
25.23,25.23,26.38,13.33,79.44
25.85,25.85,26.83,15.73,79.01
24.93,24.93,28.37,14.48,78.30
25.86,25.86,31.10,11.52,76.70
26.26,26.26,36.47,12.77,74.27
27.14,27.14,37.32,11.00,74.75
25.66,25.66,39.88,11.15,72.93
29.40,29.40,40.52,13.52,75.39
30.98,30.98,41.60,13.20,75.54
31.76,31.76,32.28,12.43,76.72
31.89,31.89,33.27,11.82,77.30
27.39,27.39,22.92,18.91,75.50
21.41,21.41,23.25,29.19,76.78
17.37,17.37,21.19,30.10,76.35
21.50,21.50,23.50,24.54,78.51
23.49,23.49,24.76,25.41,75.99
21.59,21.59,23.42,20.71,78.39
19.34,19.34,22.04,25.43,77.82
23.56,23.56,24.58,28.48,77.69
26.46,26.46,23.86,30.23,77.45
26.07,26.07,22.91,29.74,78.66
26.95,26.95,22.29,25.63,78.02
24.11,24.11,21.63,21.40,79.93
19.08,19.08,23.35,20.53,78.96
17.05,17.05,22.01,21.70,78.94
24.48,24.48,24.92,19.48,77.63
27.66,27.66,25.64,23.03,77.04
24.60,24.60,23.31,23.06,76.42
20.76,20.76,26.34,22.42,75.69
25.41,25.41,30.15,26.52,77.74
28.88,28.88,33.04,22.57,76.98
29.89,29.89,33.36,23.29,76.54
30.77,30.77,32.78,14.67,77.62
27.81,27.81,30.05,12.45,74.24
30.65,30.65,30.31,17.19,77.22
33.77,33.77,35.06,18.67,79.85
33.18,33.18,37.48,13.33,80.75
30.58,30.58,36.61,8.29,79.97
27.67,27.67,35.25,12.86,77.82
30.76,30.76,34.44,17.57,77.70
33.58,33.58,37.14,19.93,75.00
30.63,30.63,33.96,21.88,74.47
28.27,28.27,33.74,24.64,77.18
26.21,26.21,29.37,30.60,80.17
19.31,19.31,22.62,35.88,78.65
16.23,16.23,17.81,38.88,76.30
19.68,19.68,21.93,36.18,76.09
21.11,21.11,22.60,35.56,79.50
24.93,24.93,21.49,34.72,80.30
26.77,26.77,23.84,32.80,80.80
26.98,26.98,25.80,32.43,80.76
29.73,29.73,29.38,29.94,79.53
30.95,30.95,30.58,29.65,82.02
28.60,28.60,30.73,22.90,82.09
28.28,28.28,30.99,21.72,81.24
28.80,28.80,28.43,28.60,79.49
26.08,26.08,22.35,29.73,77.33
22.17,22.17,24.36,30.97,77.17
20.77,20.77,26.30,30.04,75.71
21.50,21.50,25.72,27.04,77.16
21.55,21.55,24.56,23.29,76.39
24.15,24.15,25.58,20.62,77.02
24.13,24.13,25.21,17.89,78.44
21.40,21.40,22.93,20.72,76.52
18.91,18.91,19.99,23.70,75.26
17.52,17.52,15.56,21.78,77.99
14.65,14.65,13.17,22.82,76.52
17.72,17.72,22.94,34.03,76.33
17.16,17.16,23.77,32.20,78.10
19.05,19.05,26.42,41.13,79.38
22.03,22.03,29.39,34.10,79.12
24.89,24.89,29.28,31.38,78.92
25.15,25.15,28.55,37.07,78.28
21.47,21.47,27.77,30.96,77.98
20.82,20.82,27.86,30.44,76.72
22.41,22.41,28.98,26.58,77.96
23.86,23.86,29.30,29.54,78.06
23.33,23.33,26.64,24.08,76.62
22.49,22.49,27.61,28.59,76.56
23.34,23.34,28.94,26.74,77.54
23.56,23.56,29.18,31.27,76.77
23.04,23.04,27.75,25.41,76.79
22.40,22.40,27.03,27.41,77.20
22.52,22.52,25.12,27.20,74.99
20.46,20.46,24.40,22.31,76.99
23.70,23.70,26.32,28.29,76.81
26.60,26.60,27.09,25.74,75.90
25.58,25.58,25.09,24.52,76.08
26.28,26.28,26.41,25.79,76.79
26.96,26.96,26.92,21.99,76.64
29.71,29.71,29.66,25.61,79.67
28.81,28.81,29.71,17.79,81.14
27.56,27.56,28.30,25.63,79.99
23.89,23.89,30.19,26.82,78.49
21.40,21.40,27.29,25.54,75.08
22.41,22.41,25.55,26.55,74.55
22.90,22.90,27.18,27.47,73.99
24.92,24.92,26.24,26.16,75.68
25.25,25.25,24.43,34.69,78.83
21.88,21.88,23.11,37.09,80.02
18.58,18.58,23.81,41.59,79.31
20.43,20.43,25.95,43.49,77.84
21.91,21.91,25.80,38.75,78.05
21.98,21.98,29.18,38.42,79.31
24.57,24.57,31.75,29.77,80.73
24.27,24.27,33.43,28.98,80.52
23.79,23.79,32.91,39.46,81.86
19.69,19.69,30.13,31.39,78.69
18.48,18.48,28.73,34.92,78.37
16.26,16.26,23.81,36.85,78.14
19.22,19.22,25.97,34.45,78.86
22.51,22.51,29.90,32.00,79.67
21.40,21.40,29.64,33.09,80.26
21.42,21.42,29.30,31.56,80.50
21.82,21.82,28.58,32.08,79.81
23.16,23.16,24.27,31.81,76.91
22.18,22.18,23.99,26.28,74.39
22.30,22.30,28.72,35.79,73.96
25.28,25.28,30.34,30.32,77.97
28.32,28.32,29.15,33.12,79.36
30.78,30.78,28.12,29.75,78.83
30.03,30.03,30.66,27.09,79.61
26.62,26.62,29.59,26.18,76.13
22.74,22.74,28.65,29.12,74.89
21.71,21.71,32.53,28.60,75.06
23.36,23.36,31.25,28.30,74.34
28.03,28.03,33.33,28.49,75.41
27.17,27.17,30.35,22.83,79.72
24.44,24.44,27.00,29.34,73.37
21.33,21.33,21.96,32.55,74.95
16.71,16.71,17.75,38.15,74.02
16.80,16.80,16.34,35.69,74.70
23.71,23.71,24.04,42.99,76.76
28.97,28.97,29.98,42.18,76.63
26.70,26.70,28.92,41.18,77.68
23.77,23.77,27.99,37.33,76.10
21.80,21.80,27.49,34.33,78.74
21.70,21.70,25.70,38.10,77.88
22.83,22.83,25.88,38.32,76.51
25.00,25.00,27.50,31.07,79.44
25.19,25.19,26.20,34.67,80.50
24.42,24.42,25.87,35.25,80.56
23.73,23.73,26.49,36.24,79.38
21.69,21.69,25.59,37.86,77.32
17.13,17.13,21.73,34.59,75.51
20.46,20.46,26.12,34.83,75.44
22.99,22.99,29.79,34.31,78.36
26.40,26.40,31.15,35.29,77.30
26.11,26.11,29.96,37.42,76.15
24.80,24.80,28.69,39.01,79.16
23.40,23.40,27.34,34.01,77.70
17.73,17.73,22.47,44.44,77.44
16.50,16.50,22.83,44.04,78.47
16.73,16.73,25.13,36.92,76.27
17.08,17.08,28.78,43.32,77.24
17.81,17.81,27.29,39.18,79.20
19.02,19.02,25.92,41.35,78.09
16.65,16.65,24.40,34.83,77.94
17.18,17.18,22.89,34.75,77.56
18.50,18.50,22.57,38.77,77.34
20.24,20.24,23.13,33.33,77.06
22.21,22.21,24.62,34.72,74.72
24.24,24.24,26.36,32.39,77.83
22.52,22.52,23.93,35.78,74.90
20.56,20.56,22.47,30.50,75.30
22.52,22.52,23.53,31.08,75.20
24.74,24.74,24.06,28.24,74.17
25.27,25.27,24.29,35.87,73.16
24.75,24.75,24.45,30.36,73.28
24.08,24.08,22.45,30.22,72.56
22.25,22.25,22.54,33.23,74.01
19.92,19.92,21.00,23.12,69.99
24.21,24.21,23.81,31.25,72.47
26.83,26.83,26.39,29.04,71.27
27.88,27.88,30.41,21.55,73.25
26.60,26.60,31.87,21.62,74.31
25.50,25.50,35.61,28.70,73.38
26.66,26.66,36.94,27.74,75.66
29.72,29.72,32.79,31.91,76.82
31.02,31.02,30.08,29.22,74.81
28.53,28.53,27.87,28.34,75.31
23.40,23.40,26.81,31.72,74.15
25.32,25.32,26.56,39.71,76.57
26.34,26.34,26.20,39.28,77.27
26.11,26.11,29.79,41.10,77.14
26.02,26.02,29.12,38.96,75.73
26.00,26.00,26.48,32.75,77.68
24.65,24.65,24.86,35.75,76.71
25.60,25.60,26.68,38.23,75.52
27.29,27.29,28.31,38.17,77.18
23.22,23.22,25.53,33.77,75.88
21.92,21.92,24.48,37.04,77.31
19.48,19.48,23.36,35.62,74.57
18.44,18.44,23.58,35.77,74.39
17.65,17.65,23.10,33.77,74.94
20.19,20.19,25.01,34.02,73.68
23.93,23.93,26.74,32.02,76.68
25.15,25.15,26.15,36.15,77.26
26.20,26.20,24.93,35.19,72.28
27.60,27.60,24.26,36.80,75.89
28.07,28.07,25.02,34.29,75.09
26.63,26.63,24.42,36.50,74.89
24.59,24.59,23.10,34.60,75.80
23.03,23.03,23.65,34.46,75.52
22.42,22.42,23.55,29.70,74.91
21.93,21.93,22.28,36.26,74.68
20.92,20.92,24.27,28.98,76.06
18.63,18.63,22.61,27.98,73.62
17.60,17.60,23.33,30.42,74.90
19.46,19.46,25.01,27.99,74.27
22.38,22.38,24.06,30.28,71.85
22.10,22.10,22.23,31.43,74.63
20.06,20.06,20.83,31.23,74.61
18.49,18.49,19.65,35.17,71.90
16.30,16.30,17.20,34.94,76.00
15.30,15.30,18.13,37.06,77.00
14.38,14.38,20.11,39.57,74.08
12.87,12.87,19.58,41.37,75.34
14.69,14.69,18.62,33.72,75.88
16.73,16.73,20.56,38.92,75.99
17.72,17.72,22.10,41.80,71.76
18.51,18.51,23.92,39.76,74.66
17.30,17.30,24.05,40.98,76.35
16.23,16.23,22.71,44.73,73.89
14.68,14.68,22.99,41.68,75.86
15.28,15.28,27.65,37.62,75.53
15.64,15.64,23.97,39.38,78.46
16.27,16.27,19.84,35.97,78.39
17.44,17.44,20.85,34.71,75.04
17.83,17.83,26.21,35.55,76.96
19.86,19.86,24.19,30.76,77.82
18.51,18.51,24.67,33.37,78.45
16.17,16.17,21.22,31.05,78.76
15.89,15.89,16.41,24.37,76.61
15.77,15.77,12.13,36.63,75.06
13.32,13.32,13.19,42.08,75.51
12.66,12.66,13.60,43.28,77.05
13.10,13.10,15.12,44.25,79.15
12.09,12.09,13.54,45.22,79.68
13.76,13.76,13.26,41.03,79.48
15.41,15.41,13.79,42.91,80.44
19.28,19.28,15.46,39.70,80.28
19.73,19.73,16.02,37.55,79.00
20.92,20.92,16.07,40.35,78.90
17.77,17.77,15.32,42.83,77.80
14.28,14.28,13.25,37.82,76.29
17.10,17.10,14.24,38.92,75.32
22.10,22.10,14.01,37.88,77.90
24.69,24.69,17.55,38.50,78.39
23.51,23.51,21.37,43.60,76.94
20.02,20.02,20.35,37.17,78.03
19.79,19.79,19.00,35.90,76.78
20.71,20.71,23.80,36.79,78.09
21.22,21.22,27.52,31.70,78.28
17.69,17.69,35.78,35.87,77.85
15.89,15.89,30.22,33.15,76.87
22.87,22.87,39.08,34.56,76.63
26.65,26.65,36.17,32.35,75.37
27.05,27.05,42.43,31.68,75.34
25.58,25.58,38.97,30.51,74.17
24.86,24.86,40.37,33.61,74.06
24.14,24.14,42.72,32.89,75.24
25.95,25.95,44.56,30.78,73.18
28.32,28.32,39.59,31.42,74.00
29.06,29.06,36.63,29.89,73.62
28.65,28.65,27.88,32.35,73.81
26.16,26.16,22.94,30.86,75.20
25.64,25.64,19.61,35.99,77.34
22.72,22.72,17.59,33.04,79.24
21.77,21.77,18.38,33.60,79.16
23.05,23.05,20.96,29.52,78.26
21.98,21.98,20.83,30.40,75.00
21.00,21.00,19.81,32.67,77.67
18.91,18.91,19.29,34.02,76.21
20.59,20.59,19.90,32.44,75.00
20.57,20.57,21.29,31.23,75.53
19.58,19.58,20.50,30.62,75.19
18.44,18.44,18.38,30.59,75.01
18.22,18.22,23.08,29.71,79.33
19.35,19.35,23.30,27.69,78.17
18.72,18.72,23.73,33.21,76.84
17.04,17.04,25.15,31.66,76.13
18.01,18.01,29.39,32.64,77.26
19.37,19.37,27.35,32.99,75.95
21.14,21.14,35.03,26.29,77.68
23.16,23.16,42.47,27.89,76.27
20.75,20.75,33.28,28.10,75.08
19.57,19.57,41.07,26.80,74.97
19.22,19.22,42.47,28.16,73.05
14.68,14.68,44.91,25.75,71.91
14.88,14.88,42.44,22.33,73.07
18.25,18.25,38.08,24.66,73.46
18.83,18.83,40.29,24.41,71.94
19.23,19.23,42.53,23.50,70.38
19.90,19.90,46.65,23.82,73.36
20.46,20.46,42.66,22.58,71.39
19.98,19.98,39.56,24.53,70.81
18.68,18.68,29.09,25.39,74.13
18.32,18.32,25.94,33.20,73.68
16.27,16.27,23.52,32.08,75.20
14.37,14.37,18.13,30.07,76.05
11.95,11.95,17.29,30.07,75.71
14.02,14.02,15.09,31.86,75.31
16.55,16.55,16.49,35.24,74.96
19.26,19.26,17.39,34.67,76.05
22.36,22.36,21.13,35.66,74.32
23.31,23.31,21.96,33.74,74.52
23.84,23.84,23.82,35.57,75.92
21.69,21.69,20.68,35.14,73.55
19.43,19.43,24.07,33.04,73.97
18.76,18.76,26.82,31.32,72.21
16.96,16.96,34.48,29.18,72.12
20.37,20.37,29.16,30.79,72.36
22.76,22.76,30.80,34.55,73.67
23.21,23.21,37.23,33.08,72.40
25.10,25.10,38.01,29.47,74.91
24.52,24.52,44.72,26.94,74.56
24.89,24.89,39.71,29.77,74.99
23.13,23.13,32.74,32.17,73.85
19.54,19.54,18.07,36.59,72.00
24.27,24.27,15.07,40.98,76.79
20.29,20.29,14.67,52.04,78.50
27.15,27.15,12.58,48.78,78.48
26.62,26.62,11.89,53.22,79.67
19.06,19.06,11.01,54.16,79.50
17.04,17.04,10.64,53.52,77.37
17.35,17.35,11.73,54.56,77.72
17.13,17.13,11.93,53.38,78.02
17.94,17.94,11.11,51.97,78.40
17.42,17.42,11.16,53.36,77.51
28.17,28.17,13.47,49.08,76.76
30.44,30.44,18.06,49.96,78.37
21.32,21.32,19.26,49.43,76.48
20.84,20.84,19.49,52.90,78.32
24.90,24.90,21.02,48.30,77.14
22.48,22.48,20.12,46.04,78.15
24.61,24.61,19.10,45.98,76.35
21.06,21.06,17.78,46.80,77.34
27.26,27.26,19.61,44.00,77.84
28.35,28.35,20.26,45.62,78.35
22.87,22.87,20.99,39.69,76.64
24.42,24.42,19.89,42.10,78.00
25.25,25.25,19.54,38.03,78.02
24.70,24.70,21.20,39.83,76.58
22.48,22.48,22.90,35.26,76.31
25.12,25.12,21.92,35.42,74.15
26.20,26.20,22.73,33.10,75.10
25.62,25.62,23.54,39.43,75.68
26.63,26.63,21.58,35.75,76.28
26.17,26.17,20.71,34.56,75.43
24.06,24.06,17.14,34.54,74.38
22.92,22.92,11.49,35.68,74.99
26.61,26.61,10.42,44.95,80.12
23.81,23.81,12.63,49.17,77.84
24.21,24.21,12.71,42.90,75.99
21.35,21.35,12.11,47.50,76.53
22.80,22.80,13.40,49.78,77.06
21.90,21.90,15.02,42.73,77.39
20.50,20.50,15.93,45.64,76.75
21.31,21.31,16.24,36.50,78.57
19.07,19.07,15.97,45.09,77.07
17.01,17.01,14.33,36.08,76.56
17.91,17.91,13.29,45.57,77.87
19.63,19.63,13.36,45.43,77.53
23.89,23.89,16.61,43.81,75.62
22.99,22.99,18.51,40.69,76.88
25.87,25.87,18.64,39.87,78.37
24.32,24.32,18.68,36.90,76.50
22.38,22.38,19.40,36.85,76.52
21.89,21.89,20.64,39.54,76.80
20.41,20.41,19.91,41.00,75.35
17.44,17.44,17.79,39.36,76.13
16.85,16.85,16.12,34.21,74.88
16.68,16.68,15.97,40.90,79.04
16.99,16.99,17.81,37.35,77.83
16.61,16.61,19.30,30.59,77.92
19.06,19.06,18.13,31.25,72.77
20.17,20.17,17.39,36.25,74.76
21.53,21.53,19.69,32.78,73.30
21.04,21.04,20.58,31.49,74.09
19.41,19.41,19.66,39.25,76.43
18.39,18.39,18.02,40.04,74.69
15.87,15.87,14.34,42.06,78.62
13.82,13.82,9.72,41.81,75.73
15.32,15.32,9.71,46.38,78.55
19.77,19.77,10.89,46.40,81.15
22.39,22.39,13.38,42.24,80.93
20.81,20.81,12.61,44.64,79.68
21.02,21.02,13.73,42.43,80.88
19.74,19.74,12.54,44.52,76.16
18.54,18.54,13.58,42.36,79.07
19.00,19.00,14.29,40.79,78.64
20.25,20.25,12.29,46.01,77.17
18.67,18.67,10.45,37.03,78.41
17.62,17.62,10.55,42.18,74.88
17.60,17.60,14.81,39.91,77.20
18.17,18.17,15.70,38.23,77.73
17.12,17.12,14.52,32.61,79.04
16.69,16.69,13.64,30.47,78.62
15.76,15.76,14.27,39.76,77.03
20.31,20.31,19.41,32.04,78.20
21.57,21.57,21.28,35.47,78.11
19.82,19.82,19.29,28.72,76.98
17.72,17.72,14.71,31.66,77.50
13.09,13.09,8.06,41.58,78.00
11.09,11.09,3.55,43.24,78.40
15.28,15.28,7.62,46.05,76.70
19.24,19.24,12.58,45.11,77.57
20.28,20.28,12.44,40.07,77.72
18.14,18.14,10.96,36.33,77.93
15.73,15.73,10.95,42.71,78.89
15.58,15.58,11.16,38.51,75.09
16.45,16.45,13.33,40.67,76.72
16.79,16.79,14.78,37.28,77.81
15.50,15.50,15.95,39.17,76.45
15.31,15.31,15.66,35.74,77.00
16.65,16.65,15.86,39.78,74.03
16.51,16.51,18.15,38.48,74.08
17.98,17.98,19.17,38.52,74.88
19.76,19.76,18.74,38.48,75.16
21.21,21.21,20.51,41.33,76.21
18.75,18.75,18.50,38.71,74.80
18.10,18.10,18.74,29.18,76.12
19.88,19.88,19.03,39.85,74.79
21.10,21.10,18.52,34.73,74.06
21.65,21.65,18.73,35.73,75.42
20.81,20.81,18.99,33.94,73.93
20.29,20.29,20.02,36.68,73.64
19.83,19.83,18.32,38.24,72.11
17.91,17.91,18.18,40.17,73.79
16.99,16.99,15.80,30.91,76.33
21.15,21.15,18.14,41.00,76.81
23.73,23.73,20.53,34.66,78.87
22.72,22.72,20.90,39.08,79.36
22.55,22.55,19.76,36.28,79.18
21.63,21.63,18.67,35.23,79.26
17.84,17.84,16.28,29.26,78.86
17.38,17.38,15.68,27.60,77.35
15.62,15.62,13.43,28.37,76.65
17.88,17.88,18.04,30.74,74.64
18.52,18.52,18.94,39.06,76.03
17.68,17.68,16.36,35.50,74.79
17.70,17.70,14.75,35.63,77.20
18.08,18.08,13.97,41.06,73.88
19.52,19.52,16.28,40.52,76.31
18.57,18.57,14.40,42.39,73.35
20.67,20.67,16.96,36.96,73.28
18.85,18.85,15.13,33.95,74.40
17.55,17.55,14.95,35.87,75.37
18.27,18.27,15.70,38.21,75.87
18.26,18.26,17.44,30.61,74.94
19.67,19.67,19.03,29.85,74.47
19.66,19.66,20.66,34.42,72.15
18.71,18.71,19.07,39.95,71.38
17.24,17.24,18.96,29.90,73.65
18.78,18.78,23.19,36.34,73.75
19.71,19.71,22.15,38.42,72.03
18.59,18.59,24.42,34.33,74.17
19.74,19.74,27.28,28.01,73.87
21.04,21.04,26.55,37.43,71.54
21.72,21.72,27.54,29.22,72.33
25.56,25.56,34.34,33.80,71.11
32.15,32.15,30.37,38.18,73.20
36.64,36.64,30.27,31.82,74.32
38.31,38.31,31.59,34.90,74.16
39.13,39.13,26.76,24.03,77.84
38.33,38.33,18.09,26.18,73.52
33.90,33.90,18.17,33.49,74.54
24.01,24.01,17.48,34.11,76.60
19.19,19.19,12.96,30.62,78.89
22.66,22.66,15.06,35.24,76.19
21.71,21.71,14.88,26.11,77.27
24.14,24.14,16.97,22.01,78.83
23.00,23.00,16.50,31.78,79.81
23.07,23.07,16.69,33.28,75.59
23.77,23.77,18.58,37.66,79.58
24.66,24.66,19.37,33.82,76.00
25.79,25.79,18.91,30.56,76.68
26.46,26.46,22.57,35.77,78.98
26.65,26.65,26.23,30.26,74.74
25.28,25.28,24.31,33.12,76.81
25.52,25.52,23.24,32.07,77.17
25.60,25.60,26.35,32.78,75.58
25.27,25.27,27.84,24.73,76.08
24.36,24.36,24.82,33.11,76.96
27.75,27.75,25.17,33.04,77.21
28.52,28.52,20.10,31.60,74.42
27.73,27.73,17.48,25.59,76.39
25.73,25.73,16.28,31.73,77.06
25.34,25.34,14.53,27.24,77.41
26.52,26.52,13.31,27.12,79.92
23.69,23.69,10.57,30.40,80.65
23.77,23.77,9.14,32.76,80.58
24.92,24.92,12.77,27.16,79.48
24.38,24.38,13.49,39.04,77.68
25.40,25.40,12.52,32.03,80.15
26.48,26.48,13.82,35.20,77.45
27.14,27.14,12.71,31.91,77.25
27.56,27.56,13.54,29.94,78.21
27.63,27.63,15.53,28.41,77.77
27.61,27.61,14.94,32.32,77.14
27.52,27.52,18.03,34.51,76.12
27.71,27.71,20.81,33.56,77.63
28.26,28.26,16.38,34.92,77.19
29.55,29.55,14.46,31.30,76.27
29.18,29.18,14.52,32.12,76.27
29.92,29.92,18.89,28.85,75.43
29.99,29.99,18.33,30.84,73.71
29.90,29.90,18.95,30.02,73.55
29.37,29.37,19.55,25.76,74.82
28.40,28.40,19.70,23.54,74.94
29.49,29.49,21.71,29.40,73.92
37.98,37.98,23.02,30.05,73.03
45.73,45.73,22.88,32.60,73.88
50.02,50.02,20.28,32.73,73.96
56.38,56.38,18.43,30.17,75.38
58.76,58.76,16.40,23.58,79.42
58.76,58.76,15.55,20.17,82.19
53.78,53.78,18.10,31.44,82.80
48.46,48.46,15.90,26.60,77.11
44.32,44.32,10.76,29.37,74.46
32.56,32.56,8.68,39.29,76.02
33.10,33.10,9.86,32.75,79.14
45.05,45.05,10.65,35.57,77.99
43.15,43.15,12.65,35.26,78.37
35.17,35.17,10.70,35.91,78.93
47.85,47.85,10.65,25.36,78.95
47.22,47.22,15.91,34.14,77.32
38.31,38.31,19.83,33.86,77.01
37.93,37.93,18.39,36.74,77.07
47.08,47.08,19.41,31.10,76.12
45.65,45.65,17.82,36.36,77.08
50.41,50.41,17.68,30.05,75.77
52.03,52.03,17.82,31.01,76.00
51.13,51.13,16.94,30.56,76.30
49.41,49.41,17.42,25.06,76.57
51.84,51.84,13.61,29.02,78.32
52.14,52.14,13.41,25.32,80.29
54.96,54.96,16.77,28.35,79.46
52.74,52.74,21.15,29.06,81.37
47.91,47.91,20.49,27.84,77.61
46.09,46.09,21.51,28.70,76.11
48.96,48.96,20.26,31.64,73.61
49.55,49.55,18.59,27.02,72.55
48.41,48.41,17.82,27.60,73.77
39.95,39.95,15.95,27.77,74.38
48.16,48.16,14.49,29.00,74.29
48.46,48.46,12.76,33.68,73.74
47.85,47.85,13.43,26.96,76.30
48.91,48.91,13.85,28.39,81.39
46.41,46.41,16.85,38.96,81.99
41.03,41.03,12.04,30.02,74.94
42.71,42.71,6.31,33.68,75.53
43.12,43.12,6.14,38.60,74.38
27.42,27.42,9.44,27.61,74.78
32.13,32.13,8.81,28.52,73.75
36.85,36.85,6.15,23.08,76.88
46.14,46.14,10.54,36.64,74.46
46.33,46.33,13.29,33.44,77.85
39.08,39.08,18.79,37.88,78.45
43.02,43.02,18.54,31.36,78.17
42.73,42.73,20.62,31.20,76.74
44.49,44.49,20.45,32.00,74.93
39.63,39.63,21.65,28.79,72.54
40.53,40.53,14.46,28.42,73.30
38.84,38.84,14.34,26.69,75.03
36.08,36.08,18.03,24.66,76.08
34.30,34.30,17.30,21.53,75.19
35.36,35.36,16.07,19.85,74.43
38.28,38.28,18.10,26.99,77.47
38.98,38.98,20.56,28.03,77.16
34.34,34.34,18.91,26.26,77.99
26.30,26.30,14.81,35.44,77.14
23.54,23.54,14.97,38.67,76.70
22.19,22.19,17.41,35.84,78.91
18.98,18.98,15.43,28.34,79.60
21.98,21.98,10.63,21.76,78.54
23.39,23.39,14.26,27.40,79.28
23.04,23.04,13.75,28.36,79.01
20.56,20.56,10.16,27.13,77.95
19.52,19.52,9.09,29.59,79.40
17.78,17.78,8.69,30.69,81.16
17.30,17.30,10.78,22.86,79.89
18.84,18.84,11.29,30.23,79.79
19.75,19.75,17.11,31.53,78.81
21.80,21.80,16.31,35.89,78.83
23.62,23.62,19.58,36.75,79.88
24.43,24.43,20.35,41.56,78.42
24.72,24.72,27.36,39.35,78.01
25.04,25.04,27.11,42.01,78.94
25.82,25.82,43.48,42.68,77.31
27.24,27.24,46.74,41.55,78.83
29.67,29.67,47.40,41.31,77.62
30.17,30.17,50.00,40.59,79.74
29.53,29.53,48.69,38.27,77.61
28.08,28.08,48.14,34.79,80.07
28.17,28.17,46.64,35.69,78.33
29.50,29.50,45.30,35.94,79.26
29.09,29.09,42.70,33.77,78.30
27.81,27.81,39.15,29.64,79.03
27.03,27.03,45.00,31.04,80.25
29.16,29.16,45.26,26.71,80.40
30.31,30.31,40.12,31.26,80.71
29.87,29.87,39.58,29.77,81.80
29.33,29.33,35.70,30.57,81.46
29.20,29.20,41.13,32.49,81.32
29.76,29.76,36.68,33.29,76.95
25.26,25.26,33.83,33.18,75.28
22.39,22.39,36.67,31.00,70.94
27.38,27.38,34.82,29.85,68.30
26.82,26.82,38.96,26.69,70.56
28.05,28.05,38.43,24.55,74.25
27.12,27.12,31.71,27.08,80.26
23.85,23.85,31.63,25.28,79.96
24.02,24.02,39.85,27.85,78.46
25.95,25.95,34.78,28.83,75.90
25.29,25.29,30.21,27.28,75.32
23.96,23.96,30.85,26.19,74.20
27.11,27.11,36.72,29.82,77.16
26.67,26.67,35.95,28.12,79.19
29.43,29.43,35.76,24.71,79.05
33.27,33.27,38.01,25.48,79.55
30.67,30.67,37.37,26.12,78.38
28.50,28.50,44.15,32.13,71.14
22.34,22.34,40.55,32.44,72.20
25.90,25.90,34.22,25.59,77.54
26.40,26.40,34.88,27.06,79.62
25.15,25.15,34.89,26.95,80.31
25.77,25.77,32.50,23.98,76.08
26.71,26.71,34.34,25.87,71.74
28.75,28.75,36.58,25.57,71.04
29.64,29.64,34.86,26.68,71.82
30.94,30.94,38.94,25.95,68.86
31.50,31.50,37.52,28.04,75.29
27.24,27.24,41.40,26.46,75.06
25.28,25.28,39.14,25.35,74.93
25.35,25.35,38.05,27.74,79.10
26.08,26.08,38.70,23.31,78.19
24.68,24.68,42.78,29.20,77.79
23.00,23.00,39.77,29.08,75.84
26.76,26.76,35.86,25.29,75.92
29.21,29.21,35.15,23.91,73.88
28.12,28.12,36.06,16.64,69.09
25.73,25.73,36.84,20.49,72.54
21.39,21.39,37.09,23.22,73.92
20.77,20.77,35.31,20.77,70.79
20.07,20.07,33.93,18.42,73.68
23.30,23.30,38.85,26.16,76.20
23.72,23.72,42.25,28.14,77.37
19.68,19.68,40.91,31.21,72.05
20.78,20.78,38.91,26.98,71.02
23.03,23.03,36.21,28.54,77.08
24.56,24.56,37.58,24.78,80.84
27.25,27.25,33.00,23.09,82.19
23.71,23.71,39.76,22.32,80.33
20.59,20.59,49.90,21.26,76.86
31.22,31.22,63.52,20.48,74.79
33.71,33.71,79.91,33.37,69.92
44.04,44.04,81.86,47.22,70.08
61.97,61.97,84.14,51.15,75.38
76.05,76.05,83.27,58.34,74.56
72.68,72.68,83.93,62.68,79.03
76.70,76.70,82.99,66.24,78.34
73.72,73.72,82.22,66.56,78.57
74.41,74.41,81.11,63.58,75.66
74.45,74.45,83.15,64.95,76.24
70.10,70.10,80.91,64.28,74.25
73.58,73.58,82.39,70.24,75.00
71.60,71.60,80.76,73.34,74.70
68.06,68.06,77.70,76.05,75.55
72.96,72.96,72.35,79.25,76.25
74.29,74.29,65.23,80.81,73.84
76.72,76.72,64.93,79.98,74.09
74.21,74.21,67.55,81.48,74.38
68.19,68.19,75.09,73.64,74.61
70.57,70.57,80.22,60.00,74.74
71.67,71.67,81.79,53.76,73.86
70.42,70.42,81.89,48.53,75.63
71.61,71.61,82.14,54.87,73.74
73.81,73.81,82.50,59.99,75.03
68.47,68.47,80.39,60.87,75.34
73.38,73.38,82.22,62.64,74.43
73.46,73.46,82.12,57.11,74.32
73.75,73.75,80.48,58.20,75.53
74.50,74.50,79.46,63.40,78.15
73.56,73.56,79.49,68.54,77.73
73.31,73.31,75.83,69.57,77.74
70.86,70.86,76.25,75.50,77.42
72.06,72.06,70.07,81.20,76.80
73.56,73.56,66.68,79.82,75.89
66.96,66.96,66.33,81.08,77.02
69.63,69.63,67.31,76.84,74.11
72.05,72.05,72.63,70.81,73.10
71.07,71.07,78.90,62.32,73.70
72.47,72.47,82.98,53.52,78.29
69.38,69.38,84.89,52.87,77.05
69.24,69.24,83.78,55.14,77.67
70.90,70.90,84.04,56.30,77.30
66.06,66.06,83.95,58.86,75.91
70.58,70.58,86.74,56.57,75.01
70.76,70.76,81.39,61.98,74.97
76.04,76.04,83.14,63.31,74.84
72.92,72.92,80.01,67.84,74.41
72.90,72.90,77.64,72.45,77.80
71.80,71.80,74.46,78.45,78.82
72.88,72.88,67.66,77.70,79.83
71.74,71.74,65.44,79.39,78.85
71.73,71.73,57.71,77.27,79.17
73.18,73.18,61.11,81.37,76.59
73.88,73.88,65.51,77.75,74.55
68.44,68.44,74.58,73.23,75.90
65.01,65.01,78.17,55.43,77.57
76.78,76.78,81.99,51.22,74.94
74.31,74.31,82.04,51.37,77.33
72.69,72.69,81.27,60.85,79.23
74.35,74.35,81.85,67.63,79.56
66.63,66.63,81.62,69.58,78.61
68.99,68.99,83.79,67.24,78.69
65.38,65.38,82.18,63.04,77.66
69.50,69.50,77.12,61.34,76.53
68.04,68.04,73.78,66.73,77.61
73.33,73.33,74.71,67.76,76.83
69.28,69.28,73.79,76.40,76.59
65.15,65.15,64.16,80.06,77.04
69.97,69.97,58.75,77.31,77.82
74.16,74.16,53.69,80.50,79.17
73.91,73.91,55.39,78.33,80.21
68.87,68.87,62.46,80.85,78.88
69.85,69.85,71.12,68.32,77.88
72.40,72.40,78.53,55.78,75.15
73.33,73.33,81.83,54.95,73.51
63.45,63.45,84.09,61.66,75.27
69.82,69.82,82.59,63.41,76.41
74.46,74.46,84.65,67.55,77.94
71.68,71.68,83.60,73.45,79.48
67.62,67.62,86.27,69.23,80.13
66.38,66.38,83.61,69.07,79.89
71.38,71.38,81.57,70.08,77.00
71.61,71.61,75.62,72.42,76.56
73.51,73.51,67.75,75.88,76.02
62.43,62.43,65.76,81.85,77.49
62.49,62.49,58.96,81.02,77.80
60.49,60.49,43.59,82.69,76.59
72.75,72.75,50.47,80.98,76.21
67.55,67.55,58.03,82.68,78.19
66.59,66.59,66.41,79.02,79.08
68.21,68.21,73.92,72.30,78.23
67.54,67.54,80.30,52.62,77.15
72.35,72.35,81.96,47.29,72.59
72.20,72.20,81.73,51.57,74.09
64.51,64.51,81.31,59.61,75.26
57.45,57.45,83.46,66.91,75.61
58.19,58.19,83.59,69.16,78.15
62.70,62.70,86.76,68.50,79.23
62.98,62.98,82.94,65.31,81.53
56.62,56.62,84.45,63.81,80.90
56.71,56.71,78.55,69.12,78.33
55.86,55.86,74.47,76.80,75.78
56.33,56.33,63.36,78.29,77.24
55.81,55.81,57.36,82.04,78.45
57.82,57.82,47.71,81.90,80.17
56.99,56.99,42.71,79.54,79.14
58.47,58.47,55.07,79.68,77.68
64.45,64.45,65.80,77.70,78.53
65.10,65.10,70.63,73.57,74.86
63.93,63.93,78.77,61.72,75.76
52.61,52.61,83.27,56.01,75.03
54.01,54.01,84.32,57.73,73.52
54.94,54.94,83.10,59.45,77.06
50.80,50.80,85.47,64.04,77.41
51.42,51.42,84.03,67.58,76.20
48.54,48.54,86.22,67.23,77.02
48.29,48.29,81.79,64.93,74.44
48.89,48.89,83.66,62.37,76.94
51.71,51.71,78.95,70.41,78.05
52.76,52.76,75.15,78.85,77.78
47.42,47.42,62.50,78.70,77.77
48.32,48.32,60.34,82.32,76.22
45.66,45.66,51.06,81.27,75.16
44.62,44.62,48.00,83.46,76.69
41.38,41.38,55.60,81.79,75.11
39.12,39.12,63.04,81.80,75.59
39.32,39.32,71.57,64.87,76.48
50.49,50.49,79.67,60.93,76.93
61.53,61.53,82.10,54.50,74.80
58.03,58.03,82.24,52.30,76.71
49.90,49.90,81.66,56.50,77.48
43.88,43.88,83.64,62.76,75.44
39.62,39.62,82.34,63.36,76.14
45.35,45.35,84.43,64.63,76.44
38.54,38.54,79.43,59.85,75.02
38.40,38.40,81.85,62.18,76.48
39.97,39.97,79.94,69.71,77.09
36.69,36.69,74.84,77.30,76.77
36.78,36.78,67.98,81.28,77.58
35.93,35.93,55.58,81.06,76.85
33.19,33.19,53.38,81.94,74.01
31.60,31.60,47.98,82.85,75.45
32.16,32.16,53.81,80.24,74.97
29.52,29.52,62.16,81.45,73.22
30.23,30.23,69.05,66.46,73.29
32.82,32.82,79.76,60.72,73.30
31.49,31.49,82.69,56.77,71.87
31.39,31.39,84.67,61.94,75.65
36.50,36.50,82.07,63.08,78.10
37.60,37.60,84.63,71.75,77.04
39.71,39.71,81.55,74.35,78.54
39.86,39.86,82.75,68.67,77.82
39.35,39.35,75.28,70.68,76.31
37.80,37.80,62.64,75.35,77.08
34.82,34.82,68.76,71.05,76.89
35.60,35.60,74.80,74.62,76.68
36.71,36.71,70.27,80.73,76.67
35.93,35.93,58.79,83.45,76.46
36.93,36.93,48.01,79.46,75.51
37.00,37.00,51.24,80.60,75.74
35.83,35.83,58.62,81.41,76.23
29.76,29.76,66.43,79.59,73.66
25.93,25.93,74.10,69.45,73.61
34.87,34.87,80.08,55.09,73.04
54.13,54.13,82.04,48.46,72.26
59.92,59.92,80.50,48.78,74.61
56.73,56.73,80.64,51.83,74.43
44.85,44.85,83.85,64.54,75.03
38.36,38.36,81.38,67.42,75.59
37.48,37.48,83.21,65.83,75.86
34.40,34.40,74.59,66.23,74.76
32.86,32.86,72.35,72.76,75.17
42.71,42.71,75.91,69.28,76.35
44.62,44.62,73.86,75.93,77.74
40.09,40.09,64.70,80.05,75.36
31.02,31.02,53.78,83.05,74.97
28.61,28.61,36.24,79.54,74.65
30.94,30.94,44.68,82.27,77.05
34.37,34.37,56.08,82.71,75.78
29.35,29.35,65.15,82.26,75.16
27.13,27.13,70.73,72.86,71.12
27.34,27.34,80.66,65.27,72.08
30.90,30.90,82.97,56.95,70.23
37.81,37.81,80.94,56.00,71.18
42.14,42.14,81.69,61.20,74.20
39.81,39.81,85.66,66.30,76.23
42.24,42.24,83.41,69.93,74.40
34.15,34.15,85.27,69.29,71.10
31.58,31.58,77.75,68.07,71.06
34.88,34.88,78.06,71.71,76.53
35.46,35.46,79.08,72.12,75.39
36.65,36.65,74.29,76.28,76.32
36.05,36.05,66.69,81.12,72.79
40.62,40.62,55.37,81.45,71.62
44.56,44.56,44.01,81.11,70.41
56.60,56.60,42.53,83.05,75.30
56.20,56.20,52.71,81.26,76.89
51.40,51.40,62.89,80.57,76.10
49.69,49.69,73.76,69.62,73.81
56.45,56.45,78.12,60.47,70.61
67.67,67.67,82.71,57.13,68.88
70.38,70.38,80.42,51.37,76.80
64.50,64.50,80.78,56.89,77.08
53.73,53.73,84.24,65.56,78.63
50.59,50.59,82.70,65.97,75.87
46.86,46.86,86.03,64.71,75.19
48.60,48.60,80.22,67.39,73.32
54.28,54.28,81.16,73.19,75.77
55.68,55.68,79.69,70.24,77.93
56.00,56.00,74.08,78.39,75.27
50.93,50.93,69.09,81.96,73.74
46.21,46.21,57.41,79.96,71.92
50.91,50.91,45.06,82.61,70.66
66.52,66.52,44.16,81.04,75.96
70.81,70.81,54.51,82.88,75.70
66.20,66.20,63.03,80.11,75.37
61.07,61.07,69.23,68.18,71.07
53.65,53.65,77.21,59.94,68.43
51.54,51.54,81.52,54.21,68.67
65.01,65.01,83.15,56.81,74.59
73.50,73.50,82.21,56.62,75.86
67.94,67.94,84.92,68.22,77.55
69.50,69.50,83.94,68.33,75.34
68.54,68.54,86.84,69.11,78.10
63.12,63.12,81.27,70.47,75.51
70.53,70.53,81.96,76.19,76.26
71.27,71.27,76.91,76.03,75.81
68.87,68.87,71.68,80.86,76.90
71.03,71.03,64.39,82.41,76.05
75.95,75.95,49.37,80.53,74.26
65.49,65.49,45.12,83.11,73.73
68.42,68.42,44.05,80.53,73.95
67.39,67.39,54.84,82.77,72.12
68.49,68.49,65.38,78.91,72.12
63.39,63.39,75.18,73.14,74.46
64.39,64.39,79.66,59.99,73.41
70.99,70.99,81.66,45.65,72.69
71.30,71.30,79.48,45.64,72.19
69.04,69.04,79.75,47.29,73.07
67.24,67.24,83.50,57.48,74.83
72.14,72.14,82.95,60.74,69.99
70.21,70.21,87.27,63.03,68.86
60.75,60.75,83.07,60.61,68.51
66.83,66.83,83.96,64.72,74.80
66.82,66.82,78.03,70.64,72.38
64.75,64.75,75.79,79.09,75.14
63.65,63.65,64.02,79.60,77.73
60.75,60.75,54.06,82.74,74.87
57.36,57.36,46.28,83.01,75.50
62.08,62.08,46.86,82.12,75.35
63.64,63.64,54.99,82.37,76.15
58.51,58.51,63.81,80.48,73.70
55.56,55.56,72.54,74.36,70.09
50.75,50.75,79.06,56.53,70.44
53.22,53.22,82.74,51.65,70.63
57.16,57.16,81.96,50.23,73.48
56.89,56.89,82.49,54.97,73.52
57.01,57.01,84.63,57.49,74.97
57.03,57.03,83.48,59.82,74.67
57.14,57.14,86.69,65.14,75.67
54.91,54.91,83.62,66.90,73.58
55.69,55.69,83.43,67.34,78.47
53.94,53.94,76.66,72.02,77.22
56.11,56.11,73.84,80.72,73.48
60.90,60.90,62.45,79.79,73.92
60.90,60.90,58.14,82.82,72.21
70.70,70.70,51.65,81.88,74.65
69.07,69.07,48.51,84.35,73.34
61.58,61.58,54.51,80.49,70.27
51.80,51.80,59.41,82.41,67.23
50.09,50.09,71.54,71.66,68.62
61.87,61.87,78.51,53.84,71.98
75.19,75.19,81.07,55.14,69.37
74.86,74.86,80.58,55.66,75.34
65.04,65.04,80.66,59.65,76.44
64.50,64.50,82.33,68.30,78.46
65.00,65.00,81.20,66.89,76.99
69.76,69.76,84.81,69.16,76.21
70.59,70.59,82.72,69.63,73.85
68.18,68.18,81.79,69.73,74.04
69.29,69.29,78.55,72.24,72.46
71.60,71.60,82.25,74.43,72.60
68.49,68.49,82.06,75.62,75.26
69.19,69.19,81.83,75.51,75.16
66.37,66.37,87.37,72.74,75.66
69.68,69.68,85.61,68.32,74.95
68.41,68.41,86.24,61.04,74.82
61.59,61.59,80.16,63.80,71.84
60.24,60.24,78.52,55.87,72.01
56.26,56.26,76.51,59.95,70.18
53.87,53.87,81.38,63.74,70.49
60.10,60.10,81.53,62.94,75.85
64.00,64.00,84.64,66.75,77.61
70.01,70.01,83.42,65.26,77.04
67.31,67.31,81.77,71.67,77.89
73.09,73.09,85.07,71.60,77.75
71.29,71.29,82.74,72.89,77.13
71.79,71.79,81.11,70.96,78.30
75.07,75.07,75.11,73.11,76.06
69.67,69.67,71.03,81.08,79.91
67.48,67.48,58.60,80.02,78.54
69.86,69.86,43.68,83.35,78.57
62.37,62.37,46.00,82.99,75.04
69.12,69.12,47.00,81.83,75.31
71.56,71.56,52.04,83.33,75.68
76.65,76.65,61.78,82.17,72.74
72.69,72.69,71.48,70.55,72.61
70.50,70.50,78.90,60.70,73.65
74.43,74.43,80.34,53.39,75.94
70.66,70.66,81.15,52.04,72.78
69.91,69.91,83.46,50.10,72.82
67.86,67.86,82.16,55.68,75.08
73.27,73.27,82.30,51.26,72.61
75.29,75.29,82.85,52.27,72.94
71.72,71.72,73.92,56.77,75.20
70.92,70.92,66.75,58.36,74.13
69.40,69.40,69.82,61.30,72.96
64.32,64.32,73.86,75.97,70.16
71.07,71.07,68.60,82.78,80.72
72.86,72.86,57.31,81.61,76.36
70.85,70.85,48.16,84.63,76.50
67.53,67.53,45.07,83.47,75.20
66.24,66.24,54.90,81.85,75.62
66.88,66.88,63.56,83.38,75.43
67.16,67.16,72.14,70.62,77.27
63.40,63.40,79.79,60.32,72.80
56.20,56.20,81.21,57.77,74.83
60.21,60.21,82.37,56.42,73.59
70.14,70.14,84.55,62.08,75.31
70.19,70.19,83.83,68.32,75.32
63.91,63.91,83.54,62.06,74.60
65.01,65.01,87.13,66.57,74.20
72.67,72.67,81.71,72.12,77.92
73.17,73.17,82.22,66.37,73.42
74.52,74.52,79.83,75.68,72.52
65.17,65.17,72.27,76.23,71.64
65.30,65.30,66.07,81.37,73.05
72.08,72.08,53.33,82.70,74.05
69.84,69.84,44.92,80.96,73.75
60.84,60.84,41.94,82.24,73.83
62.08,62.08,53.90,81.92,69.72
66.31,66.31,66.03,82.67,73.63
66.45,66.45,72.61,64.07,74.29
66.05,66.05,78.04,56.44,75.85
70.77,70.77,79.71,57.74,69.95
73.26,73.26,80.31,58.41,74.54
66.14,66.14,84.19,62.31,76.24
68.53,68.53,81.64,67.03,76.28
64.21,64.21,80.52,65.52,75.98
62.18,62.18,82.91,69.46,77.14
69.83,69.83,82.38,72.83,78.20
73.93,73.93,80.05,67.26,75.91
70.86,70.86,76.34,76.23,75.04
62.52,62.52,71.40,76.46,73.92
64.28,64.28,61.03,78.49,73.20
71.68,71.68,58.15,83.93,74.41
72.84,72.84,56.51,80.29,75.19
66.82,66.82,51.54,81.78,71.20
56.47,56.47,54.56,83.27,70.58
63.87,63.87,63.60,79.63,70.45
70.21,70.21,72.46,70.39,73.03
63.51,63.51,79.51,62.36,71.77
59.12,59.12,80.63,53.86,71.64
66.15,66.15,83.86,59.14,74.16
67.88,67.88,83.28,57.38,75.11
70.44,70.44,83.80,65.41,76.75
74.21,74.21,83.30,71.29,76.71
68.64,68.64,83.33,70.43,75.35
66.84,66.84,75.72,71.03,75.57
68.19,68.19,70.20,70.92,76.75
62.11,62.11,73.67,72.55,77.12
59.97,59.97,68.64,76.92,74.20
58.45,58.45,66.06,80.71,74.75
65.00,65.00,59.21,83.58,75.45
66.45,66.45,49.62,80.04,79.11
66.23,66.23,43.30,81.18,76.88
65.98,65.98,56.30,83.10,75.64
63.43,63.43,65.84,80.46,72.87
63.43,63.43,74.78,68.62,70.41
61.20,61.20,80.79,58.13,73.90
67.01,67.01,81.16,55.24,70.88
70.25,70.25,81.08,50.96,70.47
72.55,72.55,84.35,54.03,70.85
71.18,71.18,81.96,57.55,70.04
74.07,74.07,80.55,60.34,71.42
71.58,71.58,83.43,64.60,70.20
72.36,72.36,82.94,58.94,71.82
73.85,73.85,82.74,70.99,72.14
72.01,72.01,77.93,72.86,71.93
68.09,68.09,76.74,78.83,72.27
64.11,64.11,69.79,80.20,76.03
58.84,58.84,61.47,78.34,76.22
56.23,56.23,52.26,81.40,80.06
56.59,56.59,48.00,82.10,76.05
56.53,56.53,52.93,80.01,75.08
59.60,59.60,62.11,79.59,73.87
58.49,58.49,69.81,71.31,74.62
58.53,58.53,79.75,56.79,74.03
59.27,59.27,80.64,52.35,71.95
62.41,62.41,83.41,52.43,73.49
68.30,68.30,85.13,53.50,76.52
65.70,65.70,82.65,63.69,75.43
65.17,65.17,83.75,67.51,76.28
65.92,65.92,86.62,69.11,76.44
64.39,64.39,80.64,70.74,75.66
65.96,65.96,79.97,70.32,76.68
65.26,65.26,78.03,75.67,75.12
57.26,57.26,74.21,79.60,74.54
57.04,57.04,66.42,79.74,75.75
58.53,58.53,59.05,81.91,74.68
59.63,59.63,51.80,83.72,76.11
59.72,59.72,46.31,81.12,77.88
58.55,58.55,54.12,81.03,73.58
58.68,58.68,65.06,82.97,72.67
58.44,58.44,73.16,68.09,74.02
57.70,57.70,79.26,50.75,72.74
59.75,59.75,80.58,53.60,71.83
64.96,64.96,80.83,51.78,72.66
64.66,64.66,82.67,54.56,74.17
69.53,69.53,82.57,60.31,75.39
70.95,70.95,82.49,63.55,76.14
69.75,69.75,83.56,62.25,76.30
71.82,71.82,75.07,65.92,75.13
69.98,69.98,70.42,66.06,72.87
67.78,67.78,73.50,69.90,73.91
64.51,64.51,68.21,78.09,71.25
63.13,63.13,63.92,81.27,72.42
64.82,64.82,54.76,83.32,72.18
70.84,70.84,48.78,79.60,72.72
71.54,71.54,49.20,81.72,71.75
67.44,67.44,54.33,81.81,71.52
63.92,63.92,62.78,80.90,71.76
64.50,64.50,68.48,69.22,72.16
59.77,59.77,79.16,51.00,70.32
56.17,56.17,80.59,50.34,69.75
65.35,65.35,81.73,54.60,78.02
64.69,64.69,85.14,61.47,77.07
64.40,64.40,84.66,69.68,77.44
65.64,65.64,81.45,64.51,79.08
67.47,67.47,84.60,75.35,78.59
70.18,70.18,82.86,76.82,77.41
67.59,67.59,77.78,74.24,74.93
64.10,64.10,78.38,73.85,73.18
69.05,69.05,77.09,71.20,74.08
67.61,67.61,84.20,69.58,73.89
65.44,65.44,83.87,74.27,75.96
70.35,70.35,86.13,78.08,76.99
65.64,65.64,84.81,78.06,77.51
69.55,69.55,85.36,76.97,76.93
69.51,69.51,73.77,71.58,75.18
72.45,72.45,67.69,74.69,76.01
73.79,73.79,66.75,70.36,75.76
70.40,70.40,61.82,70.55,77.26
70.53,70.53,59.50,72.68,75.62
70.47,70.47,60.58,72.60,75.35
69.16,69.16,61.73,74.68,75.04
72.44,72.44,61.36,74.35,73.95
70.98,70.98,62.68,73.93,74.94
72.51,72.51,58.67,80.28,75.57
70.54,70.54,55.96,76.65,73.27
67.40,67.40,51.91,80.98,73.22
65.78,65.78,48.93,82.28,74.43
66.83,66.83,48.26,81.47,77.82
69.19,69.19,45.40,84.38,78.58
66.83,66.83,46.84,82.90,76.49
66.98,66.98,46.42,81.39,78.18
65.97,65.97,53.55,82.50,78.88
63.42,63.42,62.78,82.47,77.30
68.20,68.20,69.36,68.64,76.50
65.56,65.56,78.88,70.05,73.35
65.95,65.95,79.64,61.54,74.26
63.38,63.38,84.62,60.36,74.30
69.71,69.71,85.69,57.06,75.83
73.08,73.08,85.71,64.66,75.98
72.62,72.62,81.66,69.66,75.52
66.47,66.47,84.32,64.87,74.69
67.71,67.71,83.44,71.61,73.94
70.68,70.68,78.44,65.53,75.50
69.35,69.35,76.71,63.81,75.70
56.45,56.45,80.54,65.61,73.48
55.60,55.60,81.94,63.08,74.10
60.90,60.90,83.72,56.30,74.02
63.88,63.88,84.62,64.42,76.70
58.80,58.80,81.77,60.55,72.93
63.49,63.49,78.00,55.48,75.96
63.07,63.07,70.39,62.30,77.31
58.16,58.16,81.62,60.75,76.31
56.51,56.51,79.40,68.90,75.93
61.63,61.63,69.51,64.82,76.98
61.25,61.25,76.33,66.57,78.64
58.28,58.28,82.16,73.81,78.64
62.53,62.53,77.83,73.52,79.10
54.28,54.28,73.96,73.86,78.34
60.44,60.44,64.45,73.17,79.05
64.05,64.05,59.76,75.11,79.64
66.28,66.28,58.85,73.46,78.11
64.66,64.66,62.52,76.38,77.95
55.19,55.19,63.18,81.78,76.77
58.11,58.11,63.94,75.04,78.63
66.77,66.77,60.74,77.43,78.63
69.03,69.03,59.45,69.35,78.13
69.55,69.55,60.23,75.98,76.49
69.66,69.66,62.33,77.06,77.17
66.72,66.72,70.95,77.84,76.00
68.71,68.71,72.54,81.23,76.65
64.58,64.58,71.05,80.40,74.10
63.13,63.13,67.91,75.59,74.11
66.63,66.63,58.73,67.55,76.38
69.45,69.45,50.97,69.83,78.53
66.09,66.09,48.26,65.65,79.75
68.92,68.92,46.46,50.94,77.38
71.65,71.65,45.05,48.69,76.29
71.83,71.83,44.11,53.12,74.28
67.13,67.13,45.30,57.06,72.95
71.23,71.23,48.10,55.80,72.18
71.38,71.38,47.04,59.04,71.73
69.57,69.57,49.90,59.52,70.11
76.07,76.07,50.18,55.19,69.22
71.80,71.80,50.16,55.16,69.94
71.22,71.22,52.01,60.38,69.17
73.72,73.72,55.77,59.59,67.29
72.40,72.40,55.40,55.61,66.63
72.66,72.66,55.12,48.54,65.56
71.47,71.47,56.63,47.51,65.51
74.59,74.59,56.59,48.81,63.18
73.91,73.91,56.79,45.62,63.16
73.06,73.06,56.62,44.89,64.19
75.37,75.37,56.05,38.32,64.54
72.35,72.35,57.26,40.84,64.22
71.52,71.52,57.22,43.11,62.17
74.15,74.15,56.25,40.17,63.04
74.47,74.47,55.81,37.73,64.17
72.67,72.67,56.01,40.02,64.35
71.98,71.98,54.56,30.40,61.97
76.07,76.07,53.43,31.08,62.22
74.26,74.26,53.08,34.41,63.22
70.89,70.89,51.66,32.08,62.69
76.12,76.12,51.80,29.42,64.80
73.88,73.88,51.34,35.03,62.91
72.61,72.61,46.65,35.49,64.23
72.24,72.24,46.76,35.96,65.24
75.00,75.00,47.70,39.83,69.42
72.47,72.47,48.67,38.17,73.95
74.16,74.16,47.17,36.02,74.71
73.34,73.34,45.05,34.26,71.29
73.18,73.18,40.22,36.42,70.86
72.17,72.17,43.84,40.18,70.49
74.45,74.45,43.41,39.17,71.75
76.25,76.25,43.44,37.08,71.89
74.65,74.65,42.06,34.70,71.47
75.63,75.63,46.12,37.72,71.63
75.76,75.76,41.52,29.23,70.62
75.88,75.88,43.64,38.65,69.79
76.48,76.48,51.45,38.15,70.80
75.99,75.99,49.71,45.22,67.30
76.16,76.16,48.34,40.27,66.77
74.39,74.39,51.03,33.80,65.06
74.66,74.66,50.71,40.31,64.62
75.30,75.30,50.65,47.60,64.80
74.88,74.88,52.16,38.76,66.02
73.44,73.44,54.44,33.91,64.46
74.07,74.07,52.68,30.49,62.54
73.07,73.07,48.36,31.82,65.02
71.63,71.63,46.86,36.29,63.26
72.26,72.26,50.40,28.37,62.70
73.46,73.46,50.70,27.77,62.95
69.52,69.52,50.83,34.07,62.04
65.62,65.62,48.41,29.99,54.44
63.21,63.21,51.94,32.29,55.32
64.44,64.44,46.61,28.27,52.98
61.00,61.00,48.00,29.78,52.37
61.37,61.37,46.85,31.47,49.65
62.69,62.69,44.17,32.01,51.39
60.95,60.95,42.62,40.69,52.85
56.95,56.95,50.37,40.65,52.97
52.57,52.57,61.27,33.47,62.86
43.94,43.94,69.30,28.71,68.38
43.48,43.48,83.11,41.05,69.25
45.81,45.81,84.25,40.69,65.75
54.13,54.13,84.89,49.09,73.64
56.13,56.13,86.96,65.26,75.51
58.74,58.74,86.17,70.91,80.28
62.83,62.83,84.46,75.33,80.53
62.88,62.88,86.42,80.64,79.88
63.92,63.92,79.25,75.00,79.34
63.29,63.29,71.12,79.25,80.48
64.58,64.58,62.61,76.73,78.83
63.29,63.29,67.47,82.90,78.78
63.56,63.56,64.64,84.86,77.71
63.70,63.70,57.12,82.74,78.29
64.44,64.44,50.78,82.60,76.10
63.42,63.42,48.87,83.04,76.67
62.73,62.73,44.27,82.50,75.28
61.82,61.82,46.13,85.02,74.86
64.22,64.22,49.48,82.11,77.33
62.29,62.29,48.05,81.86,76.17
62.41,62.41,50.27,79.51,74.64
64.32,64.32,53.15,75.79,74.47
62.69,62.69,48.74,76.82,75.58
63.92,63.92,42.28,74.64,74.37
63.51,63.51,47.53,74.93,76.43
59.19,59.19,51.70,76.61,73.34
60.81,60.81,62.91,72.90,73.16
60.03,60.03,72.46,73.74,74.57
59.64,59.64,81.29,67.40,74.15
56.01,56.01,82.41,65.06,74.28
56.53,56.53,83.97,69.40,75.71
58.24,58.24,87.51,73.44,77.98
60.32,60.32,87.25,76.47,77.85
61.70,61.70,82.11,76.02,80.01
60.94,60.94,81.84,74.76,79.46
59.82,59.82,83.01,81.76,78.73
65.85,65.85,79.98,74.30,80.09
71.87,71.87,77.76,75.69,78.67
80.25,80.25,73.82,77.78,78.52
76.17,76.17,71.28,73.57,78.98
68.54,68.54,70.98,73.42,77.31
66.66,66.66,69.15,73.24,77.24
64.97,64.97,67.21,72.66,76.92
67.52,67.52,64.35,73.90,77.25
65.52,65.52,61.10,76.29,76.67
65.74,65.74,57.23,77.45,76.33
65.60,65.60,55.38,79.76,77.64
68.64,68.64,52.63,83.18,77.67
68.25,68.25,50.77,83.44,75.70
67.92,67.92,50.17,79.05,76.87
67.20,67.20,51.41,76.35,78.16
66.04,66.04,50.05,83.48,75.84
66.83,66.83,54.58,78.25,75.98
63.95,63.95,63.28,82.55,74.12
66.49,66.49,69.97,68.80,76.49
67.46,67.46,82.01,64.44,75.74
67.40,67.40,84.97,55.32,74.34
68.54,68.54,86.13,53.48,75.17
70.69,70.69,87.60,54.03,78.68
67.23,67.23,87.15,67.85,80.60
69.36,69.36,84.02,72.74,80.94
65.81,65.81,87.04,75.27,79.64
67.26,67.26,80.35,73.55,81.32
67.86,67.86,73.93,78.65,80.78
68.21,68.21,61.50,74.66,78.90
67.76,67.76,69.13,81.60,79.58
72.67,72.67,68.15,83.10,80.82
69.46,69.46,62.61,82.20,80.15
71.69,71.69,58.59,82.95,79.20
72.16,72.16,55.68,82.71,79.04
70.28,70.28,51.86,83.62,78.89
71.41,71.41,48.98,84.26,78.06
72.95,72.95,51.55,81.82,78.02
69.46,69.46,51.54,83.01,77.15
68.61,68.61,53.11,77.82,77.49
69.01,69.01,51.89,75.78,77.64
67.69,67.69,52.43,75.26,78.47
68.84,68.84,41.02,77.54,78.67
67.67,67.67,45.60,76.33,79.26
70.13,70.13,52.87,78.50,79.70
70.23,70.23,63.62,72.73,79.63
66.97,66.97,71.53,70.49,76.06
66.03,66.03,78.89,67.38,76.04
67.19,67.19,81.12,65.62,75.12
69.45,69.45,85.59,68.53,75.76
69.68,69.68,87.07,69.61,77.27
70.52,70.52,87.68,75.15,76.21
67.86,67.86,82.92,76.50,76.66
70.11,70.11,82.62,71.77,79.58
70.05,70.05,82.86,78.42,78.60
71.24,71.24,81.51,74.13,78.31
72.37,72.37,78.88,74.27,78.22
72.53,72.53,75.35,79.09,78.08
69.24,69.24,57.17,67.83,79.32
70.49,70.49,52.92,76.60,79.89
70.71,70.71,51.54,62.91,77.81
72.37,72.37,50.01,72.85,79.28
70.97,70.97,52.68,75.50,76.26
67.67,67.67,62.78,75.93,74.86
69.45,69.45,70.89,66.75,77.50
70.82,70.82,81.06,58.42,80.59
70.45,70.45,81.86,63.81,79.19
71.03,71.03,83.97,68.96,81.28
69.79,69.79,87.88,71.42,78.70
68.27,68.27,87.50,78.62,79.11
69.58,69.58,83.24,71.29,80.49
70.84,70.84,82.91,75.19,79.96
69.85,69.85,81.44,80.04,79.49
69.21,69.21,74.83,73.42,80.51
70.64,70.64,67.57,75.60,80.82
73.83,73.83,65.32,73.27,80.13
71.82,71.82,70.28,73.95,81.01
71.85,71.85,70.55,75.30,82.46
73.08,73.08,69.34,72.84,81.76
71.86,71.86,69.16,76.23,81.11
68.69,68.69,67.13,72.59,81.55
69.21,69.21,65.11,75.13,80.41
72.06,72.06,61.52,79.48,80.40
71.54,71.54,56.49,79.41,78.34
69.41,69.41,55.34,83.95,77.55
69.28,69.28,54.13,82.27,77.87
71.74,71.74,52.58,82.36,78.65
72.85,72.85,51.93,82.68,80.07
74.10,74.10,49.96,82.37,79.28
73.65,73.65,52.55,83.99,80.09
67.60,67.60,64.82,83.11,77.75
64.83,64.83,71.70,72.54,76.91
64.07,64.07,80.85,65.09,76.86
62.49,62.49,83.40,58.36,74.61
61.08,61.08,84.31,52.64,72.20
61.34,61.34,86.59,58.83,74.38
59.88,59.88,87.07,64.24,75.83
61.11,61.11,84.92,71.20,76.61
61.05,61.05,87.74,70.52,74.45
64.16,64.16,81.69,73.96,74.78
66.78,66.78,77.69,76.78,75.94
68.52,68.52,71.11,71.72,77.16
65.25,65.25,70.36,82.81,76.19
68.05,68.05,69.32,78.90,75.00
67.95,67.95,64.21,81.07,74.99
66.74,66.74,59.91,82.11,75.38
63.05,63.05,54.72,81.30,72.91
62.93,62.93,55.82,83.42,73.91
61.09,61.09,64.73,82.88,72.06
61.66,61.66,74.07,72.03,72.20
59.54,59.54,81.41,63.21,73.12
62.38,62.38,83.80,57.64,73.62
63.28,63.28,85.91,55.36,75.81
66.96,66.96,84.53,56.87,78.99
66.44,66.44,86.49,66.85,76.63
67.16,67.16,83.65,63.77,76.97
66.31,66.31,85.40,67.76,76.11
70.21,70.21,83.68,71.99,74.76
69.62,69.62,76.33,72.52,76.45
66.92,66.92,66.86,71.54,73.38
66.14,66.14,65.37,77.79,77.92
68.26,68.26,65.56,80.55,75.81
71.70,71.70,54.96,82.09,74.97
71.37,71.37,54.78,79.62,75.42
70.63,70.63,54.47,82.29,73.71
68.48,68.48,54.35,80.12,75.14
67.84,67.84,53.89,82.44,76.79
71.25,71.25,54.77,80.02,76.15
68.15,68.15,54.79,82.23,74.79
70.73,70.73,53.75,75.86,75.36
68.75,68.75,50.39,67.59,73.90
67.28,67.28,50.83,65.68,76.78
69.32,69.32,47.67,64.65,76.38
68.73,68.73,49.52,67.77,75.48
68.37,68.37,53.22,72.32,76.71
68.72,68.72,61.37,76.73,76.61
68.59,68.59,70.88,62.35,75.82
67.61,67.61,81.61,56.60,76.93
64.76,64.76,84.58,59.45,76.85
66.77,66.77,85.69,65.73,78.08
65.62,65.62,84.89,68.49,79.44
64.97,64.97,86.82,76.14,78.01
65.80,65.80,87.45,75.20,78.59
68.03,68.03,89.40,76.31,78.46
63.39,63.39,85.96,74.11,79.17
69.04,69.04,84.36,76.26,80.49
75.62,75.62,78.46,74.15,79.07
79.80,79.80,72.43,72.12,78.36
73.79,73.79,73.05,62.97,77.91
66.63,66.63,73.14,59.86,78.48
71.72,71.72,71.58,62.34,79.02
66.10,66.10,69.78,63.18,77.12
71.72,71.72,68.61,67.75,79.22
73.24,73.24,66.15,73.49,81.52
69.39,69.39,60.83,79.58,79.71
72.34,72.34,56.70,78.39,79.66
69.81,69.81,53.64,82.00,78.09
70.31,70.31,51.04,81.36,76.51
70.56,70.56,50.57,81.73,78.34
69.12,69.12,53.07,82.28,79.44
71.30,71.30,50.86,79.41,78.91
70.60,70.60,54.41,81.45,78.90
66.35,66.35,62.95,79.48,77.72
64.92,64.92,69.89,69.34,77.34
63.09,63.09,79.86,54.38,76.30
65.59,65.59,84.84,55.27,77.07
69.07,69.07,86.14,52.14,78.48
69.17,69.17,85.69,59.99,79.37
68.63,68.63,86.32,66.15,79.58
69.05,69.05,85.27,67.20,81.08
66.22,66.22,87.54,73.33,81.36
66.52,66.52,81.29,69.96,81.14
68.94,68.94,81.11,78.60,81.36
68.92,68.92,74.43,78.26,79.45
65.87,65.87,68.37,83.36,80.25
65.13,65.13,54.40,79.10,80.80
68.36,68.36,55.33,83.57,81.39
68.15,68.15,54.61,80.56,79.86
66.66,66.66,53.89,82.84,79.02
70.06,70.06,58.62,79.96,80.29
67.28,67.28,62.68,82.33,76.20
62.71,62.71,72.01,65.69,75.04
62.22,62.22,79.64,51.67,74.75
59.33,59.33,83.90,48.57,74.44
61.62,61.62,85.71,49.79,74.57
63.45,63.45,85.96,64.71,75.29
64.30,64.30,86.03,61.97,76.22
62.13,62.13,84.37,64.85,76.64
61.78,61.78,86.22,68.81,77.75
63.56,63.56,80.18,66.50,77.10
61.99,61.99,81.02,72.57,76.21
63.08,63.08,77.39,78.17,77.39
60.85,60.85,69.16,81.20,75.29
64.89,64.89,59.32,81.54,77.94
63.73,63.73,52.74,80.86,78.99
62.46,62.46,52.28,81.97,77.46
61.96,61.96,50.26,83.62,78.03
61.86,61.86,55.63,80.53,78.05
58.22,58.22,63.99,82.57,76.07
57.32,57.32,72.59,64.18,75.25
58.75,58.75,79.44,55.21,77.02
58.23,58.23,84.28,48.65,73.04
58.35,58.35,85.67,46.22,76.31
60.35,60.35,85.71,51.06,78.05
62.59,62.59,85.89,53.11,77.98
62.10,62.10,84.41,57.13,78.14
62.59,62.59,85.61,59.51,77.24
58.95,58.95,78.15,59.41,75.08
56.21,56.21,79.59,58.93,77.43
53.67,53.67,80.78,72.95,78.14
56.80,56.80,83.86,75.51,74.84
59.03,59.03,85.79,77.58,78.26
61.12,61.12,86.44,69.32,78.03
63.54,63.54,85.20,67.79,78.23
62.37,62.37,79.69,70.32,76.95
69.29,69.29,78.36,70.66,77.88
67.76,67.76,69.76,68.80,76.01
67.36,67.36,74.49,72.67,76.74
60.96,60.96,80.50,62.04,74.07
56.14,56.14,83.73,61.51,74.66
57.13,57.13,85.83,50.84,78.35
59.93,59.93,86.05,51.51,78.30
58.58,58.58,85.22,50.04,78.22
61.06,61.06,83.91,46.97,78.97
61.17,61.17,85.37,52.34,79.44
60.00,60.00,78.27,50.20,79.47
55.38,55.38,77.60,55.60,78.85
49.44,49.44,79.79,51.43,81.29
50.33,50.33,83.28,56.86,80.12
49.33,49.33,84.95,59.70,79.35
54.61,54.61,86.69,60.57,81.49
60.53,60.53,83.87,60.23,82.25
53.10,53.10,77.86,55.42,84.38
49.14,49.14,81.95,66.81,82.44
52.58,52.58,85.42,62.69,81.87
56.34,56.34,83.25,56.87,82.65
69.95,69.95,81.02,64.44,83.68
76.38,76.38,82.29,70.36,82.30
74.53,74.53,80.80,74.94,82.70
66.10,66.10,73.30,72.28,84.75
63.59,63.59,73.04,75.46,82.88
71.40,71.40,72.14,77.06,84.77
70.93,70.93,70.32,73.01,82.19
67.60,67.60,69.94,75.29,81.77
60.64,60.64,65.66,78.75,82.80
60.08,60.08,63.30,79.27,82.65
66.18,66.18,60.11,83.59,82.98
69.08,69.08,58.94,80.51,83.51
64.03,64.03,58.37,83.32,83.66
70.74,70.74,58.42,79.70,84.54
67.65,67.65,57.62,82.68,85.96
65.03,65.03,58.80,79.58,83.35
71.71,71.71,66.61,81.25,82.78
67.68,67.68,73.51,62.88,81.03
56.17,56.17,77.69,43.13,79.30
49.00,49.00,83.46,53.18,80.46
55.05,55.05,85.23,43.99,82.64
52.43,52.43,85.47,51.01,83.17
54.76,54.76,85.23,59.28,83.25
53.83,53.83,85.94,64.61,83.37
51.43,51.43,87.05,68.38,85.58
52.12,52.12,78.78,69.06,86.09
58.68,58.68,77.75,68.34,85.99
60.32,60.32,77.93,67.88,84.66
58.70,58.70,78.33,76.84,82.37
55.98,55.98,74.43,78.02,84.23
54.64,54.64,67.43,80.61,83.87
53.46,53.46,60.24,82.04,84.52
53.51,53.51,58.46,81.96,85.32
52.69,52.69,58.69,82.48,84.35
53.71,53.71,65.67,81.22,85.95
51.86,51.86,71.31,71.20,86.44
49.56,49.56,78.38,57.32,87.08
48.61,48.61,84.13,60.07,86.88
51.42,51.42,84.34,59.67,84.91
52.02,52.02,86.11,55.80,85.75
57.32,57.32,85.22,60.13,85.87
54.60,54.60,84.43,59.49,87.00
52.67,52.67,88.34,66.02,85.85
52.39,52.39,81.72,62.39,86.37
53.78,53.78,79.51,51.81,86.52
50.50,50.50,75.27,58.38,89.07
52.49,52.49,83.81,51.90,87.13
50.59,50.59,84.13,66.79,84.97
48.44,48.44,85.56,72.23,83.31
51.29,51.29,84.90,78.79,84.84
53.02,53.02,85.13,78.54,84.36
51.27,51.27,85.51,74.83,86.10
55.31,55.31,78.23,74.26,86.09
59.76,59.76,79.29,74.02,87.18
67.12,67.12,77.56,76.63,86.51
70.23,70.23,75.41,77.52,88.07
69.85,69.85,71.44,67.89,87.10
65.77,65.77,71.79,59.56,88.32
55.99,55.99,70.26,61.30,88.11
52.54,52.54,69.99,60.70,87.20
54.95,54.95,67.90,69.76,86.19
56.42,56.42,66.76,74.39,87.16
53.19,53.19,62.60,78.66,85.95
56.68,56.68,59.32,78.99,87.25
58.02,58.02,56.85,81.90,87.57
55.07,55.07,57.97,82.23,87.49
55.02,55.02,58.01,81.92,88.50
52.80,52.80,59.09,80.93,89.14
54.63,54.63,57.29,82.92,89.48
53.26,53.26,58.59,81.33,86.52
56.75,56.75,64.21,82.51,85.74
51.92,51.92,70.55,67.90,85.25
49.21,49.21,79.04,55.20,87.35
48.93,48.93,83.85,44.52,86.31
50.13,50.13,84.59,54.30,86.25
53.44,53.44,86.33,56.92,85.21
52.70,52.70,86.39,63.27,83.96
50.24,50.24,85.60,64.38,84.83
52.32,52.32,85.90,62.29,83.06
55.58,55.58,82.28,62.43,83.17
56.98,56.98,84.11,66.68,81.83
59.94,59.94,82.60,72.34,81.53
59.59,59.59,79.63,73.71,80.87
61.92,61.92,75.37,78.65,81.09
60.93,60.93,67.53,80.71,82.21
50.96,50.96,59.53,81.61,82.33
56.16,56.16,57.62,80.93,83.04
56.02,56.02,60.88,81.70,80.23
51.81,51.81,67.03,81.74,80.38
48.03,48.03,73.93,68.13,74.29
46.24,46.24,76.36,54.82,75.57
45.35,45.35,84.74,48.23,75.18
42.00,42.00,85.47,47.50,76.21
43.79,43.79,86.72,56.77,79.76
47.68,47.68,84.36,63.73,77.95
43.75,43.75,85.16,60.24,78.15
38.74,38.74,88.38,62.48,78.81
37.75,37.75,84.39,64.96,79.58
37.20,37.20,81.34,63.20,78.96
33.66,33.66,80.14,60.86,78.65
33.54,33.54,82.74,63.75,80.00
35.09,35.09,85.33,66.68,75.78
35.51,35.51,86.73,67.35,78.96
40.56,40.56,81.08,70.19,81.25
43.73,43.73,82.83,67.75,75.98
36.68,36.68,86.75,65.71,81.71
35.03,35.03,87.94,66.22,75.71
38.76,38.76,86.15,67.60,79.51
42.19,42.19,80.53,67.89,78.61
38.66,38.66,74.81,73.31,76.14
35.54,35.54,64.64,53.17,79.58
39.40,39.40,62.67,67.96,77.30
39.15,39.15,62.36,66.22,79.37
35.86,35.86,61.33,67.35,79.32
33.25,33.25,60.67,75.60,77.81
35.92,35.92,66.47,74.52,77.74
32.36,32.36,72.48,61.97,76.08
28.44,28.44,76.78,57.86,74.93
31.23,31.23,84.88,58.38,76.62
32.64,32.64,85.39,70.45,79.16
35.90,35.90,87.02,72.87,80.48
38.19,38.19,86.38,71.44,80.72
40.28,40.28,85.28,71.77,80.87
44.99,44.99,82.54,66.14,82.46
46.78,46.78,71.92,68.17,82.21
50.39,50.39,71.55,71.31,82.23
59.32,59.32,70.56,68.81,81.43
59.14,59.14,66.36,70.74,82.57
53.50,53.50,68.52,69.06,81.31
49.29,49.29,71.40,64.79,79.76
49.22,49.22,70.26,64.01,82.65
53.18,53.18,68.81,70.83,81.11
54.30,54.30,66.50,71.83,80.49
48.35,48.35,65.32,75.27,79.57
41.78,41.78,63.04,76.79,78.83
37.41,37.41,59.72,80.91,80.30
33.59,33.59,57.12,82.53,79.58
33.91,33.91,56.19,80.63,79.15
33.05,33.05,54.57,82.90,81.11
35.04,35.04,52.23,83.05,79.85
29.59,29.59,51.71,80.26,80.32
25.35,25.35,56.48,82.95,81.09
29.18,29.18,62.88,80.06,79.04
30.63,30.63,71.12,70.71,76.98
26.55,26.55,79.64,48.02,80.46
31.34,31.34,84.48,53.76,78.90
34.93,34.93,84.83,46.58,82.25
39.98,39.98,86.65,51.02,83.56
40.42,40.42,83.32,54.03,82.99
40.86,40.86,85.60,59.80,82.85
44.50,44.50,88.08,63.23,80.85
52.04,52.04,85.18,67.31,80.89
51.23,51.23,85.57,67.71,80.72
49.80,49.80,79.76,71.56,80.21
43.33,43.33,78.18,78.95,81.41
36.23,36.23,70.25,78.39,82.21
35.14,35.14,58.84,79.81,83.58
36.06,36.06,54.91,83.95,83.05
43.04,43.04,54.65,81.17,83.77
51.02,51.02,59.63,80.94,80.84
54.06,54.06,64.68,83.47,76.80
41.52,41.52,71.36,68.09,75.75
41.77,41.77,80.58,64.30,77.33
41.59,41.59,83.39,58.43,79.07
37.78,37.78,85.83,63.15,79.63
37.00,37.00,84.81,59.29,79.75
29.67,29.67,86.27,66.63,78.38
32.20,32.20,84.89,67.40,77.24
33.91,33.91,87.61,71.96,76.81
32.47,32.47,82.53,70.36,79.30
31.78,31.78,81.27,77.17,79.96
30.40,30.40,71.43,79.09,77.04
25.85,25.85,67.09,80.21,78.67
26.75,26.75,63.83,81.10,79.33
31.46,31.46,59.44,80.91,78.36
30.23,30.23,58.49,80.66,78.69
29.63,29.63,58.69,80.32,76.95
30.92,30.92,61.12,80.65,77.73
38.72,38.72,66.22,82.09,76.13
38.88,38.88,74.76,69.13,77.60
29.26,29.26,80.68,50.98,77.60
25.73,25.73,84.28,43.64,78.09
37.78,37.78,84.24,49.51,77.12
36.69,36.69,83.48,51.09,78.93
29.64,29.64,84.59,58.91,77.74
26.95,26.95,84.43,62.28,77.34
28.31,28.31,85.62,65.61,78.87
27.23,27.23,78.85,67.20,76.83
31.11,31.11,79.16,69.87,78.44
29.42,29.42,77.42,76.29,77.69
34.43,34.43,67.83,81.92,78.96
32.53,32.53,59.56,81.11,80.84
29.01,29.01,58.70,80.70,78.93
29.55,29.55,58.28,80.78,77.80
28.35,28.35,57.51,80.49,80.12
26.47,26.47,59.97,80.72,79.01
20.32,20.32,65.14,82.00,77.91
19.45,19.45,72.19,68.33,77.72
17.26,17.26,79.93,50.28,78.13
18.73,18.73,84.31,47.69,78.84
22.78,22.78,84.83,48.99,78.49
25.86,25.86,85.81,44.48,81.56
28.83,28.83,85.41,51.15,78.65
28.82,28.82,84.97,57.88,78.29
31.47,31.47,87.93,58.23,80.31
29.25,29.25,83.98,69.63,78.08
29.20,29.20,82.14,74.41,78.17
26.73,26.73,71.40,77.05,79.71
35.04,35.04,67.26,80.06,79.92
39.26,39.26,63.69,81.71,80.08
35.79,35.79,59.86,80.71,79.91
41.89,41.89,57.51,80.64,80.07
44.21,44.21,56.67,80.64,79.58
50.98,50.98,62.46,80.93,77.66
50.77,50.77,67.52,81.88,76.37
47.34,47.34,74.16,67.14,77.45
43.65,43.65,81.57,46.15,81.05
41.86,41.86,83.58,47.15,80.86
27.88,27.88,83.25,48.00,81.04
25.27,25.27,83.46,47.04,80.26
25.86,25.86,84.95,55.84,79.13
25.14,25.14,85.25,61.71,79.88
28.47,28.47,85.50,63.45,78.62
27.49,27.49,79.68,68.16,78.84
29.21,29.21,79.50,68.47,78.40
31.68,31.68,77.45,75.58,78.81
31.56,31.56,70.34,81.48,78.23
24.53,24.53,63.41,81.31,80.81
18.00,18.00,61.72,80.91,80.64
18.30,18.30,59.86,80.39,82.15
15.67,15.67,59.90,80.91,80.27
17.72,17.72,61.77,81.37,79.79
26.54,26.54,64.84,82.13,77.44
34.67,34.67,70.27,68.62,78.09
45.22,45.22,77.24,49.32,77.57
40.90,40.90,83.45,50.63,77.03
26.85,26.85,85.53,56.30,77.62
29.42,29.42,85.58,56.36,78.28
27.71,27.71,84.20,57.05,78.27
25.39,25.39,83.91,65.35,79.70
24.70,24.70,85.25,68.01,78.76
26.33,26.33,79.56,67.09,77.37
24.22,24.22,76.07,65.52,78.42
19.09,19.09,78.52,66.71,77.10
17.18,17.18,83.33,62.37,76.08
19.72,19.72,85.54,68.47,77.26
21.17,21.17,83.62,68.53,77.83
20.86,20.86,84.13,73.82,78.09
16.95,16.95,86.52,73.67,79.48
14.88,14.88,89.13,76.73,76.67
22.92,22.92,85.64,72.60,77.94
24.95,24.95,80.92,71.89,79.84
21.30,21.30,70.34,75.54,79.56
20.56,20.56,69.82,73.80,81.22
19.14,19.14,72.55,72.96,80.00
22.46,22.46,71.97,72.97,78.62
24.99,24.99,72.18,74.39,77.87
25.94,25.94,71.20,72.54,78.69
26.12,26.12,69.91,74.16,80.69
22.89,22.89,69.03,79.78,82.78
21.62,21.62,65.18,81.98,78.29
16.87,16.87,64.10,81.37,77.32
11.26,11.26,63.49,84.15,78.59
16.15,16.15,61.08,83.35,79.15
17.97,17.97,61.45,83.02,85.10
22.79,22.79,61.41,80.76,83.65
22.83,22.83,60.97,84.90,80.27
22.39,22.39,61.10,81.67,77.54
17.18,17.18,64.65,82.65,74.78
21.67,21.67,71.98,74.16,79.60
20.33,20.33,79.16,68.02,82.54
4.88,4.88,81.33,64.24,83.98
5.71,5.71,83.53,63.78,82.52
12.43,12.43,84.25,57.24,78.79
18.68,18.68,87.38,62.96,78.77
18.16,18.16,84.79,68.86,78.84
16.41,16.41,86.98,72.02,83.47
11.85,11.85,78.18,70.70,86.14
16.31,16.31,83.64,65.44,82.59
9.50,9.50,80.24,63.26,81.23
11.72,11.72,82.77,64.40,78.66
16.29,16.29,83.17,61.66,79.48
11.36,11.36,82.47,62.66,87.49
12.17,12.17,82.39,71.97,86.04
30.98,30.98,80.19,73.09,82.19
39.52,39.52,82.62,77.16,80.73
34.86,34.86,79.83,74.91,77.68
24.61,24.61,81.91,74.02,78.58
20.95,20.95,79.54,70.58,85.29
24.34,24.34,71.73,73.50,86.48
25.08,25.08,78.42,75.52,85.18
32.45,32.45,82.78,74.83,81.48
36.49,36.49,76.93,72.52,80.43
32.33,32.33,72.19,75.35,82.59
25.25,25.25,67.27,76.06,89.25
24.87,24.87,65.15,74.45,86.09
28.21,28.21,70.02,77.78,85.36
33.67,33.67,70.08,75.10,81.96
29.84,29.84,69.29,76.85,81.27
23.29,23.29,70.77,76.84,79.90
20.07,20.07,68.91,68.54,88.87
27.40,27.40,69.40,69.67,86.75
33.35,33.35,71.09,75.54,85.01
29.34,29.34,70.55,77.54,83.44
27.69,27.69,69.42,74.88,81.45
23.42,23.42,71.84,69.61,78.28
21.52,21.52,76.37,57.01,83.74
22.29,22.29,76.16,57.49,84.71
31.38,31.38,83.01,58.41,83.31
35.45,35.45,83.53,61.72,86.17
34.12,34.12,86.08,71.93,85.83
36.43,36.43,83.42,76.69,88.42
35.19,35.19,87.75,77.85,85.75
32.60,32.60,82.53,77.04,86.74
31.92,31.92,81.74,75.09,86.12
30.00,30.00,73.61,75.21,85.00
25.19,25.19,65.91,79.23,84.65
26.36,26.36,54.17,79.73,85.01
28.34,28.34,53.79,83.12,86.49
30.85,30.85,49.49,82.24,84.87
27.97,27.97,48.09,79.06,86.21
20.99,20.99,56.43,80.80,83.49
17.24,17.24,67.50,82.42,80.24
24.47,24.47,73.75,72.14,78.69
17.02,17.02,77.51,68.54,84.38
18.35,18.35,81.46,74.02,79.82
21.37,21.37,82.31,54.02,79.33
19.02,19.02,85.10,65.23,84.90
19.91,19.91,82.32,65.94,84.11
20.12,20.12,84.09,73.61,82.25
23.44,23.44,85.35,76.35,85.09
19.00,19.00,82.87,75.20,82.31
12.56,12.56,80.14,75.31,82.74
9.25,9.25,73.07,80.14,84.21
8.05,8.05,72.55,83.99,81.71
10.86,10.86,55.18,80.92,80.11
15.26,15.26,53.07,82.27,81.53
20.47,20.47,51.69,79.50,83.31
23.13,23.13,49.13,83.23,82.82
20.03,20.03,53.54,81.50,84.09
13.95,13.95,64.72,80.87,85.74
14.84,14.84,70.52,69.03,85.98
13.66,13.66,78.14,54.77,85.36
16.49,16.49,81.09,56.05,84.97
24.06,24.06,83.27,53.15,83.67
30.10,30.10,84.81,52.67,83.95
33.79,33.79,84.74,62.03,85.88
34.73,34.73,83.71,63.41,84.67
35.81,35.81,85.32,66.83,83.98
32.69,32.69,78.70,68.95,85.01
34.94,34.94,80.71,66.54,84.88
33.85,33.85,79.38,73.90,84.47
30.43,30.43,73.34,76.89,81.20
26.93,26.93,66.21,78.62,83.47
27.71,27.71,51.47,79.19,82.53
28.22,28.22,51.34,81.24,83.60
26.65,26.65,46.03,81.64,84.41
20.68,20.68,51.35,78.63,84.20
12.31,12.31,62.86,79.18,82.58
16.24,16.24,70.19,67.56,80.54
15.22,15.22,78.26,50.78,79.41
11.06,11.06,80.72,51.98,79.41
16.98,16.98,81.52,53.16,81.37
21.10,21.10,83.07,59.09,82.57
16.71,16.71,82.09,55.93,83.93
19.76,19.76,80.89,64.45,83.62
19.69,19.69,82.30,67.94,81.40
16.31,16.31,74.18,67.74,81.61
12.77,12.77,74.48,68.84,84.14
10.84,10.84,75.90,72.31,83.81
12.85,12.85,70.86,78.24,82.91
15.89,15.89,61.79,82.30,84.89
21.31,21.31,52.29,80.63,85.18
23.33,23.33,48.13,83.34,85.26
21.53,21.53,49.52,80.87,85.46
15.33,15.33,55.20,82.94,83.71
9.00,9.00,65.68,81.70,83.76
15.60,15.60,71.48,71.73,81.01
19.42,19.42,74.41,65.01,80.67
22.57,22.57,78.32,63.31,81.52
25.80,25.80,80.96,66.15,80.88
32.54,32.54,85.38,73.12,82.45
36.60,36.60,82.00,74.26,84.73
39.29,39.29,80.52,73.79,87.02
37.68,37.68,81.70,76.45,85.53
34.83,34.83,75.25,77.76,84.37
31.65,31.65,61.04,77.18,82.87
31.06,31.06,69.81,76.12,84.85
30.07,30.07,70.43,73.79,80.82
27.36,27.36,61.40,75.55,84.60
28.03,28.03,49.92,81.52,83.59
31.21,31.21,46.84,80.65,83.68
29.82,29.82,49.29,77.43,84.65
25.56,25.56,58.94,77.08,83.29
14.79,14.79,68.35,80.34,82.70
22.32,22.32,77.09,76.39,80.27
14.43,14.43,76.14,64.35,77.78
12.94,12.94,79.23,48.32,80.00
18.23,18.23,78.01,52.15,80.13
20.01,20.01,80.43,62.84,79.07
13.74,13.74,80.39,73.37,84.47
15.26,15.26,80.40,75.15,82.46
11.30,11.30,81.68,75.76,83.01
15.14,15.14,79.78,73.46,84.25
15.57,15.57,68.37,71.25,85.95
11.43,11.43,67.20,74.56,84.77
8.95,8.95,68.44,78.78,84.76
17.70,17.70,63.78,79.57,83.16
24.24,24.24,55.09,82.75,84.02
27.12,27.12,51.58,78.87,85.19
26.72,26.72,51.02,81.06,85.66
21.84,21.84,52.63,79.97,84.83
15.06,15.06,59.40,80.97,84.16
22.32,22.32,68.04,70.33,82.03
17.43,17.43,75.75,63.67,81.87
18.04,18.04,75.25,55.07,80.47
24.08,24.08,79.38,54.29,77.12
30.09,30.09,84.33,68.86,83.01
33.94,33.94,82.14,71.89,81.89
38.56,38.56,82.17,73.42,83.23
34.66,34.66,84.45,77.90,83.80
36.95,36.95,81.82,74.48,81.83
39.94,39.94,77.03,73.03,84.90
35.29,35.29,69.66,72.80,83.09
32.32,32.32,64.20,77.19,85.00
30.38,30.38,65.39,82.20,85.65
30.87,30.87,55.69,80.61,82.32
31.56,31.56,52.76,80.62,85.13
30.75,30.75,50.10,82.43,83.03
26.32,26.32,53.18,81.97,82.07
16.21,16.21,61.88,83.31,83.02
24.64,24.64,71.06,58.74,82.70
15.37,15.37,77.49,63.29,82.76
13.88,13.88,80.17,65.16,81.12
19.79,19.79,79.37,61.93,82.98
23.17,23.17,82.09,65.75,83.56
16.67,16.67,80.53,69.26,83.92
17.79,17.79,82.01,68.64,84.97
21.62,21.62,85.59,68.42,82.74
10.10,10.10,82.64,74.19,83.38
11.50,11.50,81.48,70.76,85.36
15.87,15.87,74.63,74.80,83.39
20.92,20.92,65.49,79.69,83.97
21.75,21.75,62.80,82.32,84.27
25.50,25.50,59.09,76.45,83.40
28.56,28.56,53.34,82.81,83.06
25.03,25.03,48.73,80.98,83.39
21.11,21.11,51.75,83.62,78.86
14.01,14.01,63.34,76.60,81.75
17.84,17.84,70.35,76.65,81.28
17.14,17.14,75.98,59.84,83.72
18.74,18.74,75.35,52.54,83.20
28.29,28.29,83.09,51.96,84.34
33.91,33.91,83.76,52.86,84.90
39.04,39.04,83.35,66.84,84.92
37.58,37.58,80.71,73.38,86.55
34.88,34.88,82.63,74.20,85.79
37.29,37.29,77.09,75.14,84.80
24.84,24.84,78.38,75.28,85.48
23.64,23.64,72.60,78.27,86.60
21.75,21.75,69.28,80.47,86.31
20.62,20.62,59.48,80.51,85.74
21.97,21.97,48.64,80.31,84.95
23.86,23.86,46.80,80.58,85.43
25.64,25.64,46.59,81.03,85.58
24.23,24.23,53.17,81.00,86.55
16.48,16.48,61.14,80.31,84.65
25.91,25.91,72.43,70.88,83.24
20.81,20.81,75.83,52.14,83.94
21.71,21.71,76.04,53.91,81.99
17.05,17.05,81.22,46.28,82.36
19.58,19.58,81.41,51.76,84.64
13.75,13.75,80.79,62.54,86.11
16.71,16.71,79.01,65.65,87.79
19.22,19.22,84.06,69.68,85.68
18.60,18.60,79.41,74.32,85.61
18.18,18.18,72.37,77.69,83.74
16.51,16.51,65.81,78.03,83.05
12.35,12.35,65.22,81.65,84.43
11.52,11.52,55.50,81.14,82.00
12.80,12.80,53.90,81.03,84.41
13.96,13.96,53.63,82.19,85.70
14.18,14.18,53.35,81.56,81.97
9.99,9.99,54.72,80.56,82.02
9.87,9.87,62.94,79.25,84.54
21.49,21.49,69.08,68.28,81.82
15.59,15.59,76.36,53.40,81.54
14.79,14.79,81.35,53.16,81.99
23.99,23.99,82.27,57.26,82.40
29.80,29.80,84.43,65.42,83.13
33.01,33.01,83.77,71.63,82.83
37.28,37.28,82.94,72.72,83.29
32.48,32.48,83.41,73.76,83.66
33.04,33.04,77.87,74.53,80.80
24.73,24.73,79.50,76.97,82.87
19.35,19.35,71.69,78.99,81.79
15.99,15.99,65.64,80.68,84.68
15.99,15.99,61.21,81.61,81.60
16.18,16.18,51.59,81.22,82.15
20.11,20.11,51.57,80.49,81.74
20.61,20.61,50.35,80.95,82.78
15.47,15.47,52.09,80.11,80.57
9.95,9.95,62.25,80.76,81.23
15.34,15.34,73.12,74.93,81.60
14.10,14.10,76.74,60.72,84.27
12.79,12.79,79.15,53.36,85.09
18.61,18.61,80.93,57.75,87.54
21.80,21.80,81.74,64.08,84.55
18.87,18.87,79.30,72.16,85.11
7.39,7.39,80.87,75.60,83.90
20.94,20.94,84.42,76.32,84.83
17.12,17.12,79.92,77.14,82.29
10.23,10.23,77.07,76.52,84.37
6.09,6.09,72.50,75.88,84.10
8.27,8.27,66.64,80.25,84.52
13.89,13.89,54.26,81.14,84.72
19.02,19.02,51.17,80.79,84.49
23.85,23.85,49.02,81.10,85.40
21.54,21.54,48.64,81.67,84.61
18.03,18.03,50.73,80.90,84.96
16.05,16.05,63.11,80.34,84.40
19.63,19.63,71.52,74.73,82.15
16.73,16.73,73.47,60.30,83.29
18.48,18.48,81.82,56.68,83.87
26.13,26.13,83.87,58.21,84.61
35.11,35.11,84.30,62.18,83.71
37.33,37.33,83.55,68.33,86.27
36.02,36.02,80.06,71.68,86.76
34.34,34.34,84.67,73.40,86.75
33.14,33.14,79.29,75.39,84.05
34.44,34.44,78.67,77.09,86.13
30.31,30.31,70.80,79.01,85.47
26.74,26.74,64.85,80.82,86.98
25.41,25.41,54.16,82.45,85.57
23.49,23.49,54.55,81.29,84.48
23.66,23.66,53.01,80.43,85.04
22.97,22.97,51.56,80.96,86.28
17.03,17.03,56.86,80.26,83.88
10.71,10.71,64.02,79.85,84.70
22.62,22.62,72.52,69.16,81.77
15.44,15.44,75.13,64.31,82.18
12.37,12.37,80.92,57.31,81.87
11.23,11.23,80.16,53.93,81.91
23.16,23.16,79.51,56.02,82.73
17.02,17.02,83.31,68.99,83.24
15.78,15.78,81.08,72.55,83.25
22.88,22.88,84.61,73.35,82.96
15.65,15.65,79.78,74.64,85.00
7.53,7.53,79.36,77.70,85.00
2.52,2.52,73.97,80.31,82.72
2.36,2.36,65.11,80.41,83.60
4.77,4.77,56.55,81.46,82.99
5.35,5.35,55.48,81.20,82.77
14.58,14.58,54.82,81.02,83.03
17.83,17.83,53.14,79.46,85.50
14.07,14.07,55.32,79.28,81.91
6.21,6.21,64.03,80.13,80.52
17.70,17.70,67.80,66.26,79.88
19.56,19.56,77.15,51.77,84.70
19.07,19.07,80.20,47.36,85.81
28.35,28.35,82.32,50.50,86.92
32.51,32.51,83.37,46.37,84.74
36.91,36.91,83.04,56.81,86.09
36.16,36.16,82.56,67.81,86.02
35.41,35.41,85.26,68.57,83.95
32.36,32.36,80.15,72.46,82.46
32.61,32.61,77.79,77.13,86.58
30.31,30.31,71.28,76.38,80.99
23.09,23.09,64.02,79.61,81.77
19.01,19.01,55.24,80.41,81.29
19.43,19.43,51.79,77.80,81.58
22.94,22.94,51.60,79.49,81.72
22.70,22.70,52.06,78.18,81.33
17.09,17.09,54.77,77.97,81.44
6.96,6.96,62.52,78.94,80.53
19.17,19.17,70.99,67.77,79.53
14.88,14.88,78.02,55.72,83.45
16.89,16.89,81.69,68.76,81.80
18.41,18.41,80.14,62.07,85.77
18.54,18.54,82.85,69.12,84.40
20.09,20.09,81.70,62.46,85.06
17.11,17.11,80.78,71.35,84.84
15.00,15.00,83.83,67.54,84.00
12.72,12.72,78.72,71.35,83.95
11.74,11.74,75.26,75.18,85.22
6.15,6.15,68.19,74.06,85.95
14.24,14.24,62.83,81.01,85.43
17.19,17.19,59.65,75.47,84.74
18.88,18.88,56.65,80.79,85.60
19.41,19.41,57.82,80.93,84.53
13.42,13.42,59.35,73.88,86.67
6.87,6.87,64.24,80.26,86.42
6.22,6.22,70.59,74.23,86.42
25.16,25.16,71.10,74.37,81.50
21.64,21.64,73.31,70.33,79.34
6.03,6.03,73.02,55.93,82.17
18.71,18.71,81.06,55.21,80.28
25.85,25.85,82.66,62.15,81.66
29.16,29.16,84.98,73.45,82.73
32.09,32.09,82.26,77.46,86.35
24.78,24.78,83.65,79.44,84.54
28.44,28.44,76.96,78.09,84.17
29.04,29.04,58.51,77.03,85.26
29.53,29.53,69.35,73.81,82.69
22.11,22.11,71.98,79.44,81.40
18.52,18.52,61.54,80.57,83.30
19.76,19.76,52.27,81.95,83.26
21.29,21.29,49.50,79.76,82.41
22.31,22.31,51.63,82.05,83.33
15.09,15.09,57.94,82.14,82.20
11.88,11.88,65.70,82.00,80.39
24.30,24.30,73.55,68.61,77.77
22.46,22.46,76.78,67.67,80.49
19.34,19.34,79.47,68.15,75.94
22.04,22.04,80.08,57.47,78.81
21.20,21.20,83.49,63.88,85.08
22.86,22.86,78.72,69.31,84.58
21.36,21.36,80.35,73.98,82.07
22.99,22.99,82.29,76.54,84.20
16.92,16.92,83.30,74.95,82.65
16.77,16.77,71.82,76.02,83.97
11.91,11.91,69.07,73.38,85.94
7.74,7.74,66.53,74.34,83.30
9.18,9.18,65.84,80.12,82.69
13.15,13.15,52.68,84.44,83.34
18.67,18.67,52.20,81.60,82.70
18.34,18.34,50.37,81.68,84.57
18.67,18.67,54.93,79.94,83.93
13.20,13.20,62.65,82.63,84.75
19.00,19.00,67.79,59.00,85.04
17.91,17.91,77.55,50.42,84.22
17.97,17.97,79.45,56.47,85.00
24.92,24.92,81.93,53.37,84.58
26.95,26.95,83.06,52.96,84.83
29.16,29.16,83.08,59.63,86.04
29.07,29.07,83.00,64.30,85.17
30.96,30.96,85.18,68.08,82.95
29.94,29.94,82.61,69.47,84.59
31.01,31.01,78.27,70.62,86.49
27.05,27.05,75.31,67.81,85.83
24.88,24.88,70.91,76.00,84.76
23.92,23.92,70.40,82.66,83.04
25.60,25.60,55.16,81.51,82.31
27.08,27.08,48.40,81.57,83.21
26.91,26.91,48.69,81.31,84.25
21.52,21.52,52.30,81.65,82.89
11.12,11.12,59.51,83.72,82.61
19.79,19.79,68.49,69.00,80.82
13.11,13.11,76.12,72.87,85.01
14.93,14.93,78.75,74.11,80.26
19.48,19.48,79.86,73.23,86.33
19.21,19.21,83.43,70.04,84.33
17.07,17.07,80.77,68.77,86.52
18.54,18.54,79.94,74.78,85.01
20.96,20.96,84.44,76.90,84.45
13.23,13.23,81.62,71.43,84.84
11.51,11.51,80.23,72.12,82.74
13.02,13.02,72.86,79.07,84.06
19.01,19.01,70.68,81.29,83.10
20.13,20.13,53.08,83.58,83.90
23.83,23.83,51.47,79.51,86.26
26.39,26.39,50.89,81.84,85.31
23.10,23.10,49.98,80.22,83.97
16.74,16.74,58.14,81.62,81.77
10.47,10.47,67.55,83.09,82.55
20.87,20.87,71.59,79.59,79.87
20.29,20.29,74.97,66.55,82.16
20.13,20.13,78.20,65.79,80.66
24.33,24.33,80.55,68.44,81.90
34.67,34.67,85.31,73.80,82.44
39.92,39.92,83.33,74.82,84.75
41.21,41.21,82.64,74.40,85.09
37.69,37.69,85.34,77.08,84.95
36.34,36.34,80.60,78.02,85.62
32.75,32.75,80.36,78.20,84.44
27.20,27.20,72.70,76.59,85.20
23.08,23.08,67.05,79.91,82.72
22.22,22.22,57.08,82.11,84.51
23.96,23.96,52.48,78.91,84.37
27.28,27.28,47.61,78.06,84.27
27.08,27.08,48.77,80.78,85.80
21.65,21.65,57.44,82.70,84.08
13.60,13.60,68.35,77.68,84.10
17.99,17.99,76.11,76.75,83.05
13.82,13.82,75.17,68.11,79.83
17.82,17.82,79.50,55.73,80.98
22.57,22.57,77.84,47.20,80.00
21.95,21.95,80.91,57.01,81.72
18.80,18.80,82.78,67.85,85.28
20.06,20.06,81.64,71.06,84.02
20.48,20.48,84.26,71.75,84.32
13.85,13.85,80.22,68.93,87.65
10.19,10.19,81.66,67.72,87.32
15.16,15.16,75.71,70.94,84.21
21.24,21.24,74.52,76.78,86.13
23.74,23.74,61.23,78.59,84.03
25.14,25.14,54.10,77.67,84.13
26.81,26.81,53.83,78.62,84.20
28.67,28.67,51.82,82.19,85.25
30.48,30.48,53.88,79.87,84.87
30.23,30.23,62.67,81.49,85.67
32.47,32.47,70.09,75.24,86.25
27.50,27.50,73.97,64.71,83.64
32.19,32.19,75.10,50.25,86.62
35.79,35.79,78.76,53.91,85.92
35.83,35.83,84.74,66.45,83.61
39.81,39.81,83.13,69.25,85.29
39.89,39.89,81.69,71.26,84.32
38.15,38.15,82.58,75.34,84.34
38.41,38.41,76.37,71.57,82.49
39.59,39.59,78.93,68.76,87.95
42.05,42.05,77.70,71.51,86.73
39.83,39.83,70.82,77.53,85.64
35.08,35.08,63.33,78.77,85.51
33.44,33.44,55.74,80.70,83.64
33.80,33.80,55.30,80.82,84.68
29.46,29.46,48.56,80.36,84.84
28.28,28.28,54.90,81.20,82.90
21.10,21.10,61.66,79.50,82.89
25.01,25.01,70.32,70.26,83.76
16.66,16.66,76.39,57.13,88.55
12.59,12.59,78.55,66.24,88.32
17.84,17.84,80.10,55.48,85.14
18.73,18.73,82.01,66.23,84.75
17.04,17.04,80.26,62.52,84.64
20.07,20.07,78.29,67.37,83.95
20.83,20.83,81.10,69.83,82.31
27.75,27.75,71.64,66.19,84.78
29.13,29.13,70.54,71.32,86.21
19.50,19.50,74.21,75.27,85.05
23.25,23.25,71.25,78.62,85.51
27.78,27.78,59.71,82.00,82.85
26.66,26.66,52.24,80.67,82.88
26.22,26.22,53.54,84.70,83.47
23.43,23.43,51.38,80.02,85.09
18.19,18.19,51.84,82.93,83.30
12.92,12.92,62.86,80.25,83.86
22.85,22.85,71.65,74.40,83.61
15.49,15.49,75.36,58.75,83.23
15.28,15.28,74.86,56.58,83.11
29.25,29.25,83.15,52.07,83.92
34.99,34.99,83.97,52.59,84.37
36.17,36.17,82.58,63.71,85.31
38.12,38.12,81.50,72.67,85.97
31.90,31.90,84.31,73.84,85.63
27.36,27.36,80.43,75.47,84.78
25.31,25.31,77.12,74.27,85.45
20.46,20.46,71.48,75.39,86.81
17.01,17.01,67.40,79.42,86.02
17.44,17.44,59.69,80.86,85.57
19.72,19.72,52.65,81.76,85.11
21.48,21.48,46.56,81.86,85.46
21.73,21.73,48.39,80.91,86.36
15.81,15.81,54.32,79.11,86.33
8.04,8.04,64.20,79.79,84.38
15.65,15.65,73.29,71.21,82.32
14.68,14.68,77.72,56.39,83.13
17.61,17.61,77.55,48.33,82.05
12.66,12.66,81.58,47.38,81.75
20.28,20.28,81.98,51.66,83.29
15.45,15.45,82.49,64.83,84.97
12.87,12.87,81.51,69.30,86.49
17.43,17.43,82.85,72.94,85.48
14.93,14.93,78.10,73.52,84.53
4.23,4.23,75.09,75.22,82.84
6.54,6.54,68.04,78.75,83.98
10.49,10.49,65.01,80.25,85.98
9.72,9.72,59.42,82.48,86.11
12.37,12.37,55.61,80.68,85.52
8.80,8.80,56.70,79.72,86.56
7.79,7.79,55.25,81.56,84.44
6.80,6.80,55.96,81.98,83.42
6.50,6.50,65.97,81.13,84.07
8.31,8.31,71.12,71.95,83.01
14.19,14.19,76.70,54.75,81.59
16.36,16.36,81.43,51.64,81.23
18.72,18.72,82.50,58.79,79.91
19.80,19.80,83.78,66.86,82.60
23.96,23.96,81.33,71.81,82.81
25.11,25.11,81.08,74.70,83.78
28.77,28.77,84.49,76.89,83.10
24.53,24.53,79.23,77.73,83.29
20.06,20.06,76.30,77.09,81.09
16.44,16.44,72.83,77.61,82.68
12.22,12.22,64.69,79.56,83.51
12.22,12.22,56.85,80.36,84.44
11.74,11.74,52.41,81.02,81.78
14.64,14.64,51.54,81.53,82.02
13.86,13.86,51.94,81.15,85.55
9.47,9.47,56.57,80.97,84.07
4.13,4.13,65.74,80.60,83.31
10.84,10.84,72.15,75.14,81.90
11.53,11.53,75.05,64.14,84.27
12.59,12.59,78.79,57.68,86.03
17.52,17.52,81.84,60.69,83.55
21.91,21.91,79.48,66.42,83.61
14.42,14.42,82.71,73.54,86.45
19.86,19.86,81.22,76.16,88.71
20.44,20.44,80.73,77.56,87.10
10.37,10.37,76.37,77.46,84.19
13.95,13.95,78.78,78.95,86.19
7.98,7.98,72.22,79.37,87.40
6.36,6.36,65.77,79.72,87.58
7.55,7.55,57.85,79.88,84.17
10.44,10.44,51.13,80.58,86.52
15.41,15.41,51.77,80.21,87.65
16.11,16.11,51.01,79.31,86.33
11.97,11.97,55.33,81.08,83.25
7.29,7.29,67.50,79.64,85.50
15.26,15.26,73.86,73.21,81.50
11.83,11.83,75.69,57.29,85.30
13.45,13.45,79.25,53.80,84.06
21.00,21.00,83.38,39.69,81.26
27.21,27.21,82.69,47.12,84.47
34.92,34.92,83.34,53.54,86.17
32.71,32.71,81.95,56.21,84.87
24.84,24.84,83.93,56.56,84.64
19.28,19.28,82.32,56.86,84.72
16.52,16.52,77.05,50.66,85.01
14.86,14.86,77.91,55.48,83.99
18.77,18.77,78.18,55.20,84.48
17.23,17.23,83.29,64.05,85.66
20.19,20.19,77.92,60.54,85.36
25.78,25.78,85.29,71.81,83.48
24.05,24.05,84.26,65.85,86.47
16.34,16.34,87.27,70.43,83.01
9.72,9.72,81.79,65.21,83.11
13.73,13.73,76.76,70.35,82.90
14.71,14.71,74.21,71.81,84.48
21.43,21.43,73.55,68.81,81.31
24.17,24.17,75.08,72.12,84.59
23.20,23.20,71.18,66.29,84.29
18.30,18.30,72.10,69.62,87.64
22.94,22.94,69.70,72.46,86.28
18.39,18.39,69.23,75.24,86.27
18.84,18.84,68.90,74.13,86.18
16.45,16.45,65.02,78.79,87.18
19.54,19.54,66.14,71.12,86.54
22.32,22.32,66.39,79.88,86.73
25.76,25.76,65.79,77.82,85.76
25.08,25.08,61.15,79.54,85.00
28.78,28.78,62.98,80.74,85.95
31.77,31.77,67.43,78.53,85.86
31.82,31.82,63.39,82.22,87.36
22.75,22.75,65.21,77.16,85.47
18.88,18.88,67.08,71.54,87.63
15.49,15.49,75.82,53.49,88.44
17.52,17.52,78.64,47.20,87.98
18.84,18.84,79.61,46.65,88.04
21.30,21.30,82.57,27.06,84.61
23.90,23.90,81.67,25.83,85.65
21.12,21.12,80.57,15.78,88.01
18.89,18.89,81.13,15.15,83.99
14.29,14.29,74.68,13.49,88.58
16.34,16.34,76.00,23.36,84.78
12.68,12.68,77.89,25.93,85.10
12.56,12.56,82.17,30.54,84.02
16.39,16.39,81.94,29.58,86.08
16.40,16.40,80.20,38.39,84.22
18.57,18.57,80.07,41.76,84.32
19.11,19.11,83.06,46.52,82.23
13.54,13.54,81.60,46.66,82.63
8.91,8.91,77.65,41.77,82.14
13.88,13.88,81.28,44.49,79.62
21.83,21.83,81.99,46.57,77.00
17.94,17.94,74.13,33.08,77.28
23.60,23.60,78.27,28.50,84.63
25.15,25.15,82.97,30.30,83.88
19.95,19.95,78.88,29.79,87.41
21.56,21.56,75.97,32.43,83.29
16.07,16.07,72.52,25.40,82.26
13.05,13.05,72.28,19.75,80.13
20.13,20.13,72.67,19.72,79.68
20.95,20.95,75.08,19.73,76.53
18.32,18.32,81.86,29.34,76.77
15.88,15.88,75.48,33.30,76.91
14.03,14.03,72.97,33.66,77.35
18.34,18.34,76.10,32.13,76.00
25.08,25.08,74.27,32.60,76.70
19.77,19.77,75.32,35.72,75.44
15.83,15.83,82.24,39.62,70.66
18.06,18.06,80.65,39.11,71.07
18.43,18.43,81.89,46.26,71.63
16.15,16.15,76.98,47.23,70.51
10.20,10.20,60.39,31.82,73.29
7.79,7.79,53.06,28.48,72.63
6.38,6.38,40.31,28.80,72.34
6.73,6.73,35.29,23.28,73.04
10.31,10.31,34.16,27.06,74.31
14.99,14.99,33.77,28.88,71.37
17.77,17.77,32.07,24.86,73.98
19.85,19.85,32.16,28.80,75.03
21.38,21.38,29.17,32.74,72.67
20.68,20.68,29.65,33.12,71.35
17.31,17.31,27.33,32.79,72.85
20.08,20.08,27.84,31.83,72.95
22.20,22.20,26.93,27.75,72.37
20.52,20.52,27.24,26.68,71.33
19.54,19.54,28.15,29.54,69.19
30.65,30.65,28.58,33.38,71.64
31.32,31.32,24.39,33.19,74.17
23.04,23.04,22.83,33.19,72.07
25.99,25.99,19.64,32.42,71.62
26.77,26.77,21.26,30.09,72.21
25.73,25.73,19.37,28.44,71.96
24.16,24.16,18.69,26.42,72.13
22.14,22.14,20.29,28.97,71.33
23.53,23.53,20.23,31.26,71.76
23.40,23.40,15.44,32.74,74.13
23.06,23.06,17.71,34.53,71.78
20.10,20.10,19.41,35.00,71.23
21.82,21.82,17.24,35.11,72.51
20.53,20.53,19.31,35.11,69.89
22.91,22.91,20.37,34.17,72.71
25.70,25.70,20.56,33.63,69.12
20.40,20.40,20.11,32.14,70.78
13.04,13.04,29.35,30.86,69.71
17.40,17.40,36.34,31.08,69.59
18.54,18.54,38.93,32.03,71.59
9.85,9.85,31.63,26.69,67.24
7.42,7.42,23.73,25.96,68.55
8.94,8.94,17.70,26.28,65.72
11.39,11.39,13.12,26.88,68.55
12.51,12.51,12.55,26.50,65.71
11.90,11.90,12.61,25.06,68.44
12.49,12.49,15.50,27.87,66.68
11.60,11.60,13.78,29.31,67.91
11.45,11.45,13.29,28.35,67.66
10.18,10.18,11.79,26.51,66.82
10.08,10.08,9.73,30.86,66.58
9.84,9.84,10.96,30.59,66.95
13.00,13.00,11.34,28.27,66.51
16.51,16.51,10.20,28.48,68.42
16.73,16.73,15.11,33.68,70.55
14.74,14.74,11.88,35.04,67.56
24.70,24.70,16.54,30.05,68.13
25.65,25.65,16.86,28.78,70.90
12.75,12.75,19.35,30.22,70.50
14.31,14.31,15.67,33.26,71.62
17.48,17.48,12.05,32.62,71.38
20.37,20.37,11.11,33.86,71.33
21.16,21.16,13.19,35.14,72.14
21.08,21.08,10.65,31.41,71.34
21.16,21.16,9.66,29.42,69.75
21.98,21.98,10.16,32.27,71.54
22.67,22.67,11.74,33.66,69.31
22.86,22.86,16.58,28.05,70.40
24.22,24.22,13.81,29.63,70.27
24.20,24.20,13.72,33.40,68.61
23.60,23.60,16.73,32.58,69.98
27.82,27.82,18.05,27.97,70.25
28.39,28.39,15.62,25.34,71.50
24.50,24.50,16.32,28.44,72.09
18.08,18.08,21.41,30.67,72.56
13.20,13.20,24.53,28.77,74.04
15.32,15.32,18.16,30.37,73.20
26.82,26.82,12.12,26.54,76.13
28.91,28.91,18.11,26.89,74.24
27.99,27.99,18.90,24.83,77.96
26.73,26.73,13.72,27.70,78.48
25.42,25.42,10.34,23.35,75.50
25.47,25.47,12.54,22.86,73.75
24.78,24.78,14.52,25.02,74.97
24.06,24.06,14.60,26.16,74.88
25.19,25.19,11.49,28.59,71.79
26.20,26.20,12.73,24.27,72.23
24.90,24.90,8.20,21.47,70.59
30.28,30.28,10.71,21.50,72.12
29.56,29.56,11.02,21.95,73.59
26.22,26.22,11.16,16.41,73.41
27.48,27.48,14.62,23.85,72.76
36.26,36.26,19.11,30.79,72.32
33.25,33.25,20.19,29.57,73.39
23.84,23.84,20.67,28.71,70.94
24.02,24.02,13.18,24.30,73.19
21.13,21.13,14.03,23.20,72.32
24.68,24.68,12.28,22.06,72.83
24.29,24.29,12.56,20.98,72.22
23.44,23.44,10.89,22.01,71.65
24.48,24.48,11.12,22.45,70.98
32.22,32.22,11.33,23.51,73.10
32.66,32.66,10.47,22.00,70.98
32.87,32.87,10.96,24.45,72.57
31.23,31.23,12.62,18.54,70.70
26.48,26.48,12.65,24.93,71.61
27.81,27.81,13.91,21.54,70.24
25.94,25.94,15.09,23.94,72.19
21.97,21.97,17.56,18.40,72.13
22.15,22.15,16.02,22.71,70.88
26.83,26.83,20.28,31.23,73.88
27.97,27.97,23.51,30.28,71.41
26.64,26.64,17.87,26.62,74.31
28.27,28.27,13.71,20.36,79.45
25.30,25.30,13.81,25.66,81.44
22.43,22.43,13.49,24.82,78.98
19.40,19.40,11.16,22.13,76.67
18.68,18.68,8.82,20.00,75.31
18.10,18.10,10.05,19.04,71.78
17.26,17.26,9.78,27.40,70.90
19.49,19.49,9.37,25.42,68.04
18.28,18.28,12.07,21.32,65.46
17.77,17.77,8.95,22.19,63.29
17.38,17.38,8.17,19.83,61.35
18.46,18.46,13.15,22.73,59.95
20.93,20.93,13.76,26.92,63.74
19.77,19.77,13.58,19.90,66.83
19.87,19.87,13.67,24.28,68.30
32.36,32.36,16.80,34.47,68.57
35.81,35.81,18.13,33.24,69.67
26.67,26.67,17.59,32.36,69.04
24.82,24.82,12.24,25.31,70.86
22.36,22.36,17.27,20.77,63.82
23.28,23.28,13.73,17.84,63.84
23.00,23.00,16.04,21.63,69.27
19.76,19.76,14.28,19.58,70.72
19.60,19.60,14.84,21.47,71.51
19.70,19.70,14.10,23.41,72.05
21.57,21.57,12.60,20.02,71.66
22.92,22.92,14.87,18.07,71.60
21.80,21.80,17.09,17.98,68.45
22.24,22.24,17.18,23.55,67.93
27.86,27.86,11.33,20.38,67.37
26.10,26.10,8.69,19.88,69.18
21.02,21.02,12.14,17.76,68.45
17.63,17.63,11.25,18.04,66.08
21.48,21.48,14.59,26.61,67.88
20.44,20.44,16.21,25.66,71.49
13.60,13.60,9.34,22.56,70.70
16.79,16.79,8.39,21.71,77.83
15.46,15.46,10.11,20.54,75.29
15.70,15.70,12.61,18.30,75.42
14.78,14.78,12.71,22.36,76.00
14.19,14.19,12.52,19.26,75.94
14.93,14.93,10.16,16.84,76.24
15.02,15.02,11.44,19.80,77.58
15.45,15.45,16.61,20.48,76.47
17.23,17.23,19.32,21.49,75.95
21.26,21.26,13.60,18.53,74.46
21.01,21.01,16.53,20.62,72.08
20.44,20.44,17.19,20.50,71.82
23.19,23.19,16.27,22.03,73.67
21.76,21.76,12.93,15.07,72.72
21.42,21.42,13.01,21.75,72.06
33.98,33.98,18.48,30.30,73.08
31.42,31.42,18.12,30.81,73.30
24.55,24.55,20.09,26.13,71.78
20.23,20.23,13.97,20.14,71.92
19.65,19.65,11.54,18.35,70.93
20.27,20.27,15.37,19.60,70.37
22.06,22.06,11.76,18.33,70.34
21.61,21.61,10.53,18.39,69.24
26.79,26.79,12.28,17.99,70.02
35.01,35.01,16.99,23.52,71.11
34.19,34.19,15.53,15.52,69.71
33.52,33.52,13.32,20.26,69.32
32.85,32.85,12.00,19.22,68.47
31.24,31.24,9.64,21.87,70.08
30.07,30.07,14.46,16.74,69.47
31.72,31.72,15.77,21.93,71.37
32.12,32.12,16.80,18.95,71.66
29.06,29.06,18.78,22.98,69.79
27.17,27.17,26.57,23.69,71.45
27.13,27.13,27.71,22.89,72.40
14.00,14.00,21.21,21.42,69.85
14.11,14.11,11.40,24.82,70.67
20.41,20.41,8.49,29.45,70.84
22.44,22.44,7.01,29.27,70.99
23.40,23.40,6.02,31.30,70.95
20.42,20.42,8.32,28.88,69.87
19.93,19.93,8.78,30.48,71.43
19.75,19.75,10.14,32.26,71.89
18.73,18.73,7.27,28.37,72.26
20.45,20.45,10.62,30.57,72.51
21.73,21.73,7.60,28.88,73.20
21.50,21.50,9.62,31.43,72.65
20.76,20.76,10.20,29.38,72.98
21.57,21.57,13.71,31.12,73.23
22.61,22.61,11.93,27.25,72.75
21.16,21.16,11.59,27.53,71.44
26.75,26.75,14.12,33.20,72.64
22.08,22.08,12.34,34.38,72.42
16.42,16.42,9.99,29.65,73.69
23.62,23.62,12.18,25.60,75.60
25.84,25.84,15.64,23.69,75.86
27.54,27.54,12.47,21.41,74.64
27.67,27.67,12.56,21.21,74.02
25.79,25.79,13.63,19.51,74.63
22.87,22.87,11.10,23.35,73.47
22.12,22.12,12.87,27.17,75.94
22.03,22.03,13.25,22.02,76.23
24.00,24.00,13.67,23.36,75.43
23.37,23.37,10.74,18.92,76.13
21.27,21.27,10.66,19.71,75.79
20.86,20.86,14.78,21.64,75.25
25.26,25.26,15.67,27.46,77.11
24.08,24.08,14.43,28.98,75.11
22.89,22.89,12.96,28.88,75.42
20.46,20.46,16.30,27.81,76.76
17.38,17.38,16.85,29.90,75.06
14.32,14.32,13.36,28.71,75.76
15.59,15.59,9.13,29.22,79.07
15.51,15.51,6.01,25.98,76.54
17.14,17.14,7.01,28.42,77.10
17.78,17.78,6.36,25.34,79.09
17.87,17.87,10.98,28.15,79.65
16.43,16.43,11.90,25.08,79.82
14.98,14.98,14.78,30.58,80.30
14.35,14.35,15.74,25.98,77.46
13.91,13.91,18.52,30.61,76.47
14.89,14.89,22.36,29.25,74.87
13.07,13.07,20.46,25.23,73.31
13.12,13.12,21.73,25.49,71.08
17.88,17.88,24.56,29.09,72.19
20.30,20.30,25.00,26.07,71.06
24.58,24.58,23.84,21.54,70.49
24.54,24.54,20.99,22.10,70.99
19.55,19.55,17.94,19.13,70.65
18.88,18.88,23.10,18.94,69.55
23.21,23.21,26.27,18.76,76.55
22.19,22.19,22.45,16.33,75.31
25.47,25.47,22.67,16.35,75.44
25.61,25.61,23.75,14.82,75.06
21.17,21.17,26.84,17.21,73.75
20.02,20.02,32.41,17.17,75.16
24.61,24.61,36.21,17.41,75.75
24.91,24.91,27.51,16.03,73.42
24.10,24.10,24.22,21.04,73.00
24.27,24.27,23.73,18.32,72.83
25.43,25.43,20.61,22.71,71.80
31.61,31.61,20.14,16.66,71.10
30.18,30.18,16.71,22.72,69.32
25.90,25.90,11.46,18.95,67.96
20.43,20.43,13.20,24.93,66.40
16.43,16.43,20.06,31.08,68.50
14.18,14.18,29.66,41.22,69.77
20.19,20.19,30.63,38.48,71.98
27.22,27.22,35.05,40.26,82.04
27.02,27.02,33.19,40.73,81.58
26.99,26.99,38.91,38.05,81.02
26.72,26.72,42.46,45.54,78.79
29.29,29.29,41.59,42.61,76.02
21.10,21.10,43.04,51.71,74.04
20.42,20.42,43.97,44.25,75.21
22.14,22.14,40.06,36.12,76.86
21.84,21.84,49.31,47.67,76.42
20.18,20.18,64.72,49.97,75.41
17.93,17.93,64.35,45.29,69.82
12.28,12.28,66.48,44.65,77.53
17.80,17.80,66.35,54.48,78.08
16.85,16.85,63.39,51.42,77.75
14.19,14.19,59.61,49.87,76.26
11.02,11.02,49.18,38.89,71.38
6.85,6.85,52.64,40.74,76.03
3.36,3.36,49.89,40.44,78.54
4.44,4.44,67.26,41.80,78.05
5.31,5.31,65.89,41.83,76.25
7.64,7.64,64.66,42.44,79.21
8.83,8.83,58.16,44.17,80.89
10.08,10.08,48.91,39.95,80.60
8.22,8.22,52.21,33.76,80.09
3.29,3.29,56.43,39.02,76.81
0.07,0.07,41.86,37.80,81.56
-0.00,-0.00,54.67,34.45,80.31
0.10,0.10,53.63,29.39,79.89
3.35,3.35,47.73,39.76,78.63
18.33,18.33,47.89,41.11,78.79
12.99,12.99,45.13,47.92,80.96
4.77,4.77,52.71,43.66,80.17
3.45,3.45,63.15,46.14,79.11
16.67,16.67,70.35,47.22,75.17
12.10,12.10,78.67,64.33,78.13
7.39,7.39,82.47,65.37,77.57
0.60,0.60,87.21,68.67,77.37
0.33,0.33,83.31,67.73,76.76
2.62,2.62,85.57,74.39,77.64
8.69,8.69,81.21,74.51,79.44
16.81,16.81,78.77,74.02,78.83
15.08,15.08,75.74,70.45,78.32
10.18,10.18,79.96,76.83,77.96
17.54,17.54,77.09,81.89,78.21
15.42,15.42,76.94,79.19,78.58
12.29,12.29,78.31,75.59,79.23
13.33,13.33,84.35,79.58,75.81
13.40,13.40,85.57,81.55,79.20
8.61,8.61,82.81,79.00,76.27
2.74,2.74,85.14,80.88,78.65
9.78,9.78,80.58,77.85,78.06
19.98,19.98,74.53,76.35,77.30
17.64,17.64,77.00,79.83,79.07
21.13,21.13,80.93,78.04,77.87
19.23,19.23,82.72,76.72,80.00
23.46,23.46,85.01,79.55,78.19
24.62,24.62,80.57,80.40,79.59
18.75,18.75,75.89,79.63,78.51
20.27,20.27,75.95,80.67,77.97
15.00,15.00,74.81,79.89,77.17
14.33,14.33,75.24,81.01,79.27
10.88,10.88,74.88,80.10,77.38
14.48,14.48,80.45,77.40,78.79
18.06,18.06,83.09,72.30,79.72
16.85,16.85,81.40,77.91,77.93
9.39,9.39,76.85,80.07,76.14
18.35,18.35,73.92,78.25,78.73
9.87,9.87,73.42,77.21,78.47
8.28,8.28,75.72,81.81,74.99
16.60,16.60,73.85,78.43,76.92
9.16,9.16,77.43,73.46,75.08
1.35,1.35,80.37,64.23,76.70
-0.00,-0.00,80.01,65.65,78.26
-0.00,-0.00,85.43,74.29,78.36
0.01,0.01,82.55,78.60,78.22
3.29,3.29,82.10,77.90,77.46
8.35,8.35,81.80,74.33,77.16
8.30,8.30,83.13,79.10,76.87
7.99,7.99,82.30,81.44,78.91
9.49,9.49,82.81,77.37,80.74
7.69,7.69,85.73,77.71,78.25
11.13,11.13,82.77,79.02,77.58
8.33,8.33,86.21,81.83,78.40
6.44,6.44,83.43,79.92,78.74
3.36,3.36,84.14,78.55,76.67
0.57,0.57,82.50,82.99,77.04
10.25,10.25,84.42,79.63,75.43
17.72,17.72,80.46,76.65,80.19
18.12,18.12,82.53,78.14,80.81
11.27,11.27,80.49,76.72,76.61
20.00,20.00,83.61,78.84,75.95
23.17,23.17,79.42,79.67,78.10
17.64,17.64,82.24,77.31,77.39
17.36,17.36,84.81,75.00,76.83
18.95,18.95,86.10,78.84,75.53
15.21,15.21,86.04,79.76,76.33
9.65,9.65,84.09,74.44,76.99
9.00,9.00,78.02,76.89,77.83
6.49,6.49,74.56,81.46,76.66
1.67,1.67,80.40,80.66,74.60
1.53,1.53,76.55,78.66,76.15
4.37,4.37,80.75,80.43,77.83
4.12,4.12,79.57,83.97,77.96
9.34,9.34,79.19,82.69,75.74
16.86,16.86,80.61,82.41,77.09
22.66,22.66,76.04,78.52,73.65
17.21,17.21,78.46,78.01,74.16
9.83,9.83,82.43,79.13,72.16
11.18,11.18,81.96,78.80,74.15
21.34,21.34,85.68,74.74,76.52
21.76,21.76,84.61,81.55,75.15
16.81,16.81,84.76,83.00,74.60
11.81,11.81,88.43,81.84,72.85
10.41,10.41,85.53,78.60,74.87
5.48,5.48,86.38,80.63,74.06
11.57,11.57,79.67,82.03,74.63
7.73,7.73,70.71,80.14,74.89
10.72,10.72,79.27,81.56,74.26
16.92,16.92,78.29,79.49,75.01
12.88,12.88,81.63,81.61,75.19
16.15,16.15,78.96,82.17,74.15
11.36,11.36,78.32,82.20,74.04
14.32,14.32,75.71,79.40,73.71
26.01,26.01,78.92,78.08,77.01
24.38,24.38,82.51,72.92,77.86
21.51,21.51,81.17,67.31,74.24
23.33,23.33,83.29,71.82,75.14
23.73,23.73,81.16,73.47,73.26
22.42,22.42,86.13,76.27,73.66
26.77,26.77,86.31,72.71,76.47
20.38,20.38,88.14,77.42,73.69
23.41,23.41,82.25,76.35,77.32
27.71,27.71,82.70,79.25,75.58
23.98,23.98,77.74,78.25,76.72
16.01,16.01,79.96,79.69,75.74
19.57,19.57,75.14,79.56,77.13
16.14,16.14,77.57,83.73,75.26
22.58,22.58,80.32,81.70,78.67
18.47,18.47,81.03,79.79,75.51
14.72,14.72,77.82,79.09,77.24
9.11,9.11,82.84,82.14,77.15
13.61,13.61,78.30,79.29,76.69
9.60,9.60,78.26,74.32,74.66
10.25,10.25,83.19,78.94,73.97
2.41,2.41,83.47,79.33,75.42
3.22,3.22,87.69,81.09,77.40
2.96,2.96,87.70,78.68,76.30
3.71,3.71,87.44,78.63,76.61
9.78,9.78,87.17,77.61,79.30
9.77,9.77,83.27,74.90,77.18
11.26,11.26,84.34,77.58,76.50
8.10,8.10,80.39,78.09,77.38
13.16,13.16,81.75,79.28,78.07
15.12,15.12,81.06,81.31,78.32
11.92,11.92,84.41,81.86,78.09
10.57,10.57,75.40,78.76,75.59
5.07,5.07,79.28,83.23,78.13
14.76,14.76,78.77,81.70,79.11
22.91,22.91,80.61,82.11,78.34
26.39,26.39,79.78,75.65,78.47
23.93,23.93,79.55,76.12,78.49
18.54,18.54,80.85,70.10,75.54
15.51,15.51,81.02,71.21,76.01
22.68,22.68,84.86,76.02,75.75
19.12,19.12,86.25,71.87,79.02
20.81,20.81,81.87,72.69,79.47
21.96,21.96,80.64,71.34,80.21
20.10,20.10,79.80,71.91,79.10
24.56,24.56,80.84,69.56,79.88
12.11,12.11,83.26,79.96,78.66
12.16,12.16,79.78,77.63,77.35
21.72,21.72,81.05,79.38,80.52
16.08,16.08,82.85,77.40,79.01
23.31,23.31,83.08,83.81,79.38
13.79,13.79,77.30,80.17,79.19
9.49,9.49,73.21,81.10,78.44
18.23,18.23,76.09,80.17,78.52
12.55,12.55,76.61,79.19,77.39
10.39,10.39,81.15,80.48,76.55
16.86,16.86,82.21,76.76,73.71
18.25,18.25,86.48,78.15,75.02
5.69,5.69,86.59,77.44,76.48
18.77,18.77,84.48,79.93,77.39
16.79,16.79,76.70,78.64,78.66
16.64,16.64,74.16,77.53,79.17
19.77,19.77,74.78,72.50,78.12
11.69,11.69,77.95,72.67,78.24
13.87,13.87,81.72,80.24,79.76
16.98,16.98,82.16,79.89,78.95
11.88,11.88,84.06,82.35,80.76
15.38,15.38,81.14,81.35,78.98
17.25,17.25,81.78,81.19,78.23
19.74,19.74,78.39,83.41,78.46
14.77,14.77,79.67,81.57,77.71
10.16,10.16,76.97,77.29,77.17
25.25,25.25,81.17,77.94,78.40
18.15,18.15,79.52,80.19,78.73
14.34,14.34,81.96,76.30,77.42
21.58,21.58,81.63,75.88,79.19
25.40,25.40,83.96,78.84,78.78
19.16,19.16,77.49,80.33,78.15
17.55,17.55,74.38,78.93,77.46
23.68,23.68,76.13,80.35,79.38
20.49,20.49,77.44,79.92,77.22
12.25,12.25,73.20,80.26,78.85
1.47,1.47,74.26,80.95,76.88
1.22,1.22,77.12,79.50,78.49
5.39,5.39,79.46,79.00,77.31
13.24,13.24,80.99,80.81,78.01
13.85,13.85,79.13,83.18,77.90
14.52,14.52,80.23,80.69,78.33
10.45,10.45,76.60,80.26,77.20
8.48,8.48,78.15,83.14,73.91
17.31,17.31,74.07,78.73,76.04
11.26,11.26,77.31,71.48,75.67
6.31,6.31,81.43,68.54,76.23
3.08,3.08,80.98,68.99,79.04
4.11,4.11,84.86,69.77,78.82
5.17,5.17,82.59,76.41,79.86
5.51,5.51,83.44,74.68,78.41
6.13,6.13,85.23,71.17,78.74
16.00,16.00,86.07,74.02,78.32
25.43,25.43,82.01,77.49,80.10
18.49,18.49,82.82,76.80,78.72
12.97,12.97,84.35,74.80,80.12
15.06,15.06,84.33,78.13,80.32
11.73,11.73,84.56,79.69,79.69
18.42,18.42,82.37,75.26,77.69
12.57,12.57,82.59,75.47,79.57
7.38,7.38,80.59,79.24,80.40
11.20,11.20,80.76,79.56,79.66
23.33,23.33,78.09,74.57,81.34
23.79,23.79,81.45,75.92,82.25
19.38,19.38,81.92,75.21,79.42
25.09,25.09,84.74,77.14,78.08
26.19,26.19,80.50,78.91,80.11
21.37,21.37,83.96,75.15,79.91
17.14,17.14,84.79,74.28,80.82
22.75,22.75,86.50,77.73,78.31
6.89,6.89,85.24,80.00,78.73
9.88,9.88,83.09,73.52,80.62
4.10,4.10,77.48,74.78,80.02
5.55,5.55,77.04,77.41,80.96
6.17,6.17,82.79,81.14,79.84
12.82,12.82,76.60,77.62,81.18
22.16,22.16,74.19,77.07,80.03
16.41,16.41,75.68,78.37,81.15
14.75,14.75,78.09,81.29,80.31
19.96,19.96,76.17,80.79,80.30
7.98,7.98,73.18,73.23,80.20
6.73,6.73,78.61,67.93,77.79
9.21,9.21,84.17,72.32,79.79
2.30,2.30,81.60,67.31,80.52
5.42,5.42,85.99,70.10,79.55
10.11,10.11,85.80,74.81,79.26
8.14,8.14,86.34,79.63,78.57
14.79,14.79,88.49,78.15,78.34
16.35,16.35,86.20,76.76,77.06
20.13,20.13,81.33,73.75,77.21
6.62,6.62,80.22,73.72,78.47
12.15,12.15,82.36,68.25,77.95
12.56,12.56,82.29,73.49,77.97
19.58,19.58,82.35,71.61,79.84
21.67,21.67,85.10,74.31,80.28
19.66,19.66,84.32,74.02,79.58
19.44,19.44,87.51,78.20,79.17
23.90,23.90,87.26,74.56,79.94
27.00,27.00,79.53,75.21,81.41
24.54,24.54,77.45,74.51,82.29
23.01,23.01,79.32,69.24,78.87
23.65,23.65,84.28,70.03,80.44
29.83,29.83,82.44,74.52,81.67
30.27,30.27,85.95,75.14,79.62
29.73,29.73,87.01,71.85,79.65
25.66,25.66,89.17,75.79,78.64
24.99,24.99,84.24,76.32,79.18
26.51,26.51,85.02,77.92,79.25
27.36,27.36,82.07,77.64,80.77
23.51,23.51,79.09,76.59,78.89
21.94,21.94,79.72,76.07,80.00
24.46,24.46,74.52,74.55,79.33
29.92,29.92,74.97,73.49,79.36
24.47,24.47,71.82,75.12,80.04
28.88,28.88,73.21,78.30,79.06
14.05,14.05,75.78,78.39,79.92
20.12,20.12,74.79,67.93,77.89
10.29,10.29,80.80,68.57,75.98
5.45,5.45,84.48,74.47,75.36
5.16,5.16,84.80,73.81,78.09
16.70,16.70,87.60,74.30,82.21
24.86,24.86,87.15,69.95,82.97
17.87,17.87,87.13,73.24,80.27
15.51,15.51,88.97,74.44,80.88
13.43,13.43,85.30,70.06,81.42
15.87,15.87,86.34,71.61,83.74
20.51,20.51,81.26,76.29,84.06
12.34,12.34,82.38,76.93,82.78
15.33,15.33,82.37,78.61,82.68
21.69,21.69,76.67,77.18,82.86
20.24,20.24,71.83,71.17,84.32
16.79,16.79,77.90,75.49,82.67
14.19,14.19,81.33,76.55,81.47
7.93,7.93,83.87,74.52,80.38
19.15,19.15,76.77,68.51,81.87
13.54,13.54,80.27,68.53,80.73
14.56,14.56,80.84,63.00,79.41
15.67,15.67,79.73,63.53,79.81
21.47,21.47,84.26,66.25,79.36
22.70,22.70,86.59,66.63,81.27
16.92,16.92,84.84,68.34,81.20
23.73,23.73,86.05,59.37,82.76
15.70,15.70,83.91,65.53,82.18
21.52,21.52,79.23,67.02,78.34
18.47,18.47,80.36,70.57,75.12
7.95,7.95,83.70,72.26,74.21
17.36,17.36,81.10,66.12,77.37
13.82,13.82,84.42,74.50,78.59
9.20,9.20,86.42,73.82,81.35
18.85,18.85,80.07,72.43,81.67
16.18,16.18,81.17,68.70,80.25
18.44,18.44,81.07,71.22,81.51
13.49,13.49,76.26,70.79,77.31
13.10,13.10,79.19,68.92,76.98
4.70,4.70,83.05,71.43,74.90
8.62,8.62,85.31,75.64,76.94
13.85,13.85,84.69,77.95,76.47
14.92,14.92,84.54,79.34,77.66
13.45,13.45,84.20,79.22,75.63
7.32,7.32,83.35,77.81,77.53
8.24,8.24,79.89,79.55,77.82
19.18,19.18,82.05,79.54,78.53
13.59,13.59,81.22,81.08,76.95
14.16,14.16,80.85,82.49,78.13
14.43,14.43,78.80,83.29,77.69
13.71,13.71,74.75,83.02,77.45
12.47,12.47,78.41,81.57,75.64
17.09,17.09,83.30,80.92,75.19
5.54,5.54,79.82,83.12,77.93
12.18,12.18,75.83,80.51,77.19
27.85,27.85,77.11,76.73,80.16
24.82,24.82,82.04,77.94,76.67
23.51,23.51,84.05,78.51,75.95
21.71,21.71,82.39,78.87,75.13
25.59,25.59,82.15,79.68,76.61
16.19,16.19,80.36,81.36,78.02
19.50,19.50,81.05,81.41,75.72
17.78,17.78,87.53,80.66,74.16
12.27,12.27,85.94,81.15,73.38
19.56,19.56,80.41,81.83,75.57
17.55,17.55,74.45,81.73,76.07
18.01,18.01,81.32,81.72,77.97
24.84,24.84,79.86,82.05,77.71
24.45,24.45,76.20,82.25,75.89
19.04,19.04,75.26,82.42,75.19
31.09,31.09,72.54,82.57,75.94
23.12,23.12,71.83,81.98,76.16
16.17,16.17,72.80,80.33,74.97
19.20,19.20,74.48,75.85,73.55
15.90,15.90,79.99,76.54,74.17
5.94,5.94,82.16,77.96,71.44
14.41,14.41,85.21,79.40,73.23
14.69,14.69,85.39,80.18,74.48
18.67,18.67,87.23,81.34,73.03
27.45,27.45,86.56,80.91,73.56
17.96,17.96,86.59,81.00,74.72
19.09,19.09,79.24,80.72,75.44
31.06,31.06,82.15,80.92,76.52
26.24,26.24,77.81,82.11,75.43
17.63,17.63,74.05,83.53,75.72
16.64,16.64,71.61,84.43,76.57
11.25,11.25,70.30,84.85,75.37
10.71,10.71,71.39,84.65,77.06
7.90,7.90,74.12,82.92,74.00
10.30,10.30,74.00,81.74,74.15
12.53,12.53,72.00,79.27,74.28
24.38,24.38,76.58,74.12,76.71
18.16,18.16,83.68,72.85,75.61
15.51,15.51,83.72,70.45,75.54
17.82,17.82,83.85,70.36,73.93
27.27,27.27,81.04,73.38,73.97
26.19,26.19,78.69,75.74,75.54
25.47,25.47,79.55,76.34,74.72
29.77,29.77,86.60,76.72,74.79
21.30,21.30,83.73,76.82,73.80
19.81,19.81,82.28,76.78,74.26
16.30,16.30,73.31,76.48,72.03
14.34,14.34,69.77,76.42,73.59
24.80,24.80,70.01,76.54,73.68
25.28,25.28,69.78,77.20,72.62
33.32,33.32,69.47,75.89,73.86
30.60,30.60,69.01,75.31,75.31
17.63,17.63,69.72,75.65,75.71
20.88,20.88,70.19,74.48,74.39
19.30,19.30,75.15,74.10,74.49
11.53,11.53,81.30,74.73,73.57
11.89,11.89,84.64,71.59,70.59
15.78,15.78,85.99,70.10,72.44
14.68,14.68,89.00,72.88,72.35
13.20,13.20,88.62,74.17,73.23
12.83,12.83,87.73,72.74,72.57
15.58,15.58,87.99,73.44,74.09
17.09,17.09,82.37,75.53,75.41
15.75,15.75,78.83,74.84,72.78
12.19,12.19,74.47,72.65,69.06
13.22,13.22,78.59,74.86,69.12
18.65,18.65,67.15,74.77,69.93
23.60,23.60,70.15,75.33,70.06
28.85,28.85,69.98,74.84,73.00
26.25,26.25,68.53,74.72,71.16
22.51,22.51,68.71,75.02,70.75
19.40,19.40,67.22,72.80,68.94
28.56,28.56,76.74,67.37,73.61
16.96,16.96,83.81,70.70,70.44
19.16,19.16,83.68,71.48,68.19
24.05,24.05,82.92,68.26,68.33
24.85,24.85,77.46,69.03,67.27
25.24,25.24,82.68,70.91,72.13
24.71,24.71,83.72,71.62,71.34
25.04,25.04,88.27,71.80,70.16
26.77,26.77,84.53,71.56,69.47
25.11,25.11,81.59,70.21,69.37
17.36,17.36,74.58,70.29,67.33
22.71,22.71,73.07,71.40,74.30
13.39,13.39,70.79,71.22,75.28
11.30,11.30,70.08,71.89,76.88
19.39,19.39,68.01,70.67,73.39
20.25,20.25,70.18,68.23,76.90
20.91,20.91,71.59,70.69,75.15
19.12,19.12,72.82,70.59,75.03
26.65,26.65,75.11,65.74,73.23
26.45,26.45,80.93,74.79,70.62
15.80,15.80,83.15,76.22,68.71
21.54,21.54,85.90,76.08,70.51
23.96,23.96,87.48,76.10,71.43
31.00,31.00,87.56,76.22,73.75
23.51,23.51,89.04,77.00,72.14
19.29,19.29,85.18,75.81,74.46
22.44,22.44,78.93,76.18,75.36
20.17,20.17,82.36,77.80,76.95
19.91,19.91,78.60,78.55,77.18
16.93,16.93,73.71,77.54,75.98
14.20,14.20,75.07,76.87,76.88
21.13,21.13,73.73,75.79,76.71
27.84,27.84,73.00,76.17,77.04
24.64,24.64,71.57,76.07,76.93
20.49,20.49,72.54,74.35,76.87
17.34,17.34,71.86,72.94,77.76
23.58,23.58,75.41,74.72,77.45
14.48,14.48,81.71,76.27,76.13
10.91,10.91,83.39,75.75,77.40
20.56,20.56,82.68,71.60,75.93
27.27,27.27,76.06,59.64,76.87
20.20,20.20,78.08,59.63,78.71
20.34,20.34,82.25,64.79,80.31
21.79,21.79,86.47,66.04,79.34
20.15,20.15,84.12,72.39,79.10
25.13,25.13,75.59,74.60,80.29
18.44,18.44,76.36,72.52,79.46
9.73,9.73,75.21,67.03,80.03
15.09,15.09,76.40,69.09,82.00
19.16,19.16,73.68,71.64,82.12
22.85,22.85,74.09,72.06,81.92
19.74,19.74,73.94,72.53,80.70
6.21,6.21,71.32,70.29,78.58
5.23,5.23,72.65,65.99,77.79
17.75,17.75,74.92,66.64,76.55
10.04,10.04,79.65,78.95,73.95
10.68,10.68,81.37,78.28,73.22
7.28,7.28,85.27,74.75,76.34
4.81,4.81,84.28,75.45,76.19
7.97,7.97,84.01,78.34,76.57
8.50,8.50,77.25,78.11,78.54
17.14,17.14,75.28,75.71,78.53
3.65,3.65,77.60,78.59,77.08
0.66,0.66,69.34,79.56,77.70
3.98,3.98,71.10,79.88,77.83
4.51,4.51,77.28,81.13,79.24
8.42,8.42,79.62,80.33,79.14
4.05,4.05,76.14,81.50,78.45
5.54,5.54,77.64,83.61,78.47
21.38,21.38,74.68,85.71,77.76
20.68,20.68,71.04,85.62,78.10
21.64,21.64,73.10,83.16,77.25
21.96,21.96,78.53,78.48,79.07
19.34,19.34,79.69,80.93,78.64
11.96,11.96,81.74,74.46,75.05
20.24,20.24,83.15,74.78,77.59
23.67,23.67,83.97,75.91,76.87
20.80,20.80,77.94,80.30,78.09
23.32,23.32,77.49,78.67,76.30
23.47,23.47,79.53,79.41,77.64
17.75,17.75,80.70,78.66,76.59
17.42,17.42,71.36,79.12,77.60
19.63,19.63,73.01,82.60,76.13
27.05,27.05,75.82,81.63,76.94
21.46,21.46,74.56,81.68,75.91
20.99,20.99,70.22,84.18,75.29
16.36,16.36,67.89,84.76,74.40
25.70,25.70,71.86,86.79,76.48
19.81,19.81,70.30,83.88,77.52
13.73,13.73,72.75,86.19,75.52
15.18,15.18,74.88,80.23,75.48
8.07,8.07,78.34,63.60,73.97
5.46,5.46,80.43,69.41,75.06
5.39,5.39,79.00,72.42,75.65
12.52,12.52,84.50,74.16,75.68
19.92,19.92,82.72,74.82,76.39
16.92,16.92,85.04,78.55,76.39
18.94,18.94,84.75,76.51,76.24
23.31,23.31,86.45,80.84,73.45
26.54,26.54,80.35,83.06,77.55
23.46,23.46,77.59,82.73,76.92
18.70,18.70,76.36,79.76,76.31
12.08,12.08,75.43,86.65,74.82
16.68,16.68,74.96,82.48,75.36
14.45,14.45,75.51,81.22,76.14
14.00,14.00,71.35,81.57,75.83
20.59,20.59,73.49,85.26,75.53
19.04,19.04,74.42,86.61,77.04
16.73,16.73,76.32,77.97,78.97
22.93,22.93,81.41,76.38,78.31
18.23,18.23,81.25,76.21,75.48
19.15,19.15,85.94,77.79,74.35
20.40,20.40,81.85,77.86,74.16
22.54,22.54,84.34,71.79,73.68
27.56,27.56,85.17,70.72,75.27
24.84,24.84,87.56,79.12,74.40
23.16,23.16,86.28,78.62,73.69
26.13,26.13,83.47,76.77,76.23
16.57,16.57,82.33,78.51,74.45
7.85,7.85,74.28,82.65,72.53
7.76,7.76,67.86,83.00,73.68
17.05,17.05,72.43,76.53,74.68
22.09,22.09,77.97,83.10,75.46
19.23,19.23,74.70,83.10,74.16
11.54,11.54,70.62,86.61,75.03
12.55,12.55,71.57,84.16,72.37
13.16,13.16,75.37,79.28,73.31
12.97,12.97,81.49,69.16,71.61
2.68,2.68,83.40,73.73,71.41
2.54,2.54,82.12,72.41,71.52
5.87,5.87,85.89,73.85,73.68
13.22,13.22,85.35,76.69,76.22
10.38,10.38,86.47,82.70,74.83
14.02,14.02,89.10,80.66,75.83
16.19,16.19,85.84,80.42,73.86
21.32,21.32,79.62,82.28,74.87
11.70,11.70,81.40,80.31,71.40
13.34,13.34,82.11,79.55,70.79
17.75,17.75,82.09,79.91,72.45
20.06,20.06,85.10,79.80,73.74
12.63,12.63,88.65,81.61,73.38
14.88,14.88,87.74,82.54,73.15
21.62,21.62,88.94,82.56,73.46
23.40,23.40,83.73,78.08,72.78
24.85,24.85,81.92,80.25,76.08
27.66,27.66,76.79,75.19,76.18
24.09,24.09,78.81,76.68,77.88
26.70,26.70,78.18,76.50,74.92
28.29,28.29,75.70,77.16,74.56
27.76,27.76,76.95,81.22,74.41
30.30,30.30,77.73,82.09,75.70
32.52,32.52,73.97,83.17,74.19
22.36,22.36,76.20,85.12,75.35
16.36,16.36,73.52,86.89,75.49
22.38,22.38,73.88,83.77,75.72
22.75,22.75,71.48,84.86,74.67
24.83,24.83,74.31,81.12,75.66
16.17,16.17,71.34,86.43,74.23
25.43,25.43,75.90,84.96,76.12
12.99,12.99,71.58,85.69,74.45
13.33,13.33,70.90,85.90,72.53
13.80,13.80,70.78,87.05,72.19
26.38,26.38,74.30,76.16,75.83
19.16,19.16,82.44,70.10,73.78
12.04,12.04,84.18,74.07,70.03
14.53,14.53,83.06,73.85,71.87
18.64,18.64,87.96,76.99,74.00
29.60,29.60,85.09,74.82,78.89
20.69,20.69,85.53,77.88,75.91
20.83,20.83,86.08,75.87,77.46
20.74,20.74,83.26,69.04,78.56
15.73,15.73,81.69,73.84,77.33
11.78,11.78,82.44,71.53,77.44
12.78,12.78,81.20,74.61,75.95
18.25,18.25,82.58,75.41,76.27
11.73,11.73,86.96,75.80,78.63
20.94,20.94,82.85,70.95,76.71
13.32,13.32,81.09,78.06,77.00
16.95,16.95,81.60,73.09,76.09
17.39,17.39,78.47,73.24,75.05
20.91,20.91,77.05,76.67,77.10
15.74,15.74,80.33,75.71,77.01
12.11,12.11,74.84,76.11,76.82
24.43,24.43,78.66,75.16,74.19
26.38,26.38,82.97,75.18,71.98
23.60,23.60,82.62,75.42,79.20
23.67,23.67,76.72,73.33,77.74
24.64,24.64,75.70,71.90,80.22
23.49,23.49,73.03,70.33,79.46
19.87,19.87,75.36,75.40,80.27
25.79,25.79,75.10,74.01,75.41
20.31,20.31,74.94,77.41,78.55
24.33,24.33,75.10,70.02,76.79
19.83,19.83,74.54,74.69,77.84
18.26,18.26,74.66,78.11,74.47
24.04,24.04,76.41,75.64,76.60
30.69,30.69,75.96,77.09,75.86
29.18,29.18,80.01,71.71,78.35
15.41,15.41,75.75,75.20,73.39
16.98,16.98,78.13,72.42,72.56
15.31,15.31,76.78,75.87,76.32
12.41,12.41,70.21,69.57,77.76
12.34,12.34,63.49,64.95,79.43
13.98,13.98,65.32,60.43,80.30
15.14,15.14,63.36,53.35,81.15
12.32,12.32,61.10,52.27,78.94
12.42,12.42,57.51,47.75,76.22
13.21,13.21,58.59,45.19,72.29
18.79,18.79,60.52,41.85,71.97
16.07,16.07,55.18,37.04,69.66
17.82,17.82,51.29,29.67,71.74
22.58,22.58,48.88,32.54,72.43
28.30,28.30,47.28,34.18,72.00
25.70,25.70,45.56,35.50,71.33
21.25,21.25,48.11,29.49,72.00
15.71,15.71,51.93,29.13,70.72
19.85,19.85,63.74,25.51,69.92
16.49,16.49,65.72,28.36,70.11
21.47,21.47,63.77,30.13,65.33
29.91,29.91,64.95,35.33,67.40
36.15,36.15,60.55,36.93,66.57
41.83,41.83,61.06,34.44,64.03
47.15,47.15,59.55,35.13,64.16
40.83,40.83,59.02,30.56,66.01
32.20,32.20,56.54,31.98,68.48
24.09,24.09,58.34,28.54,74.77
20.74,20.74,59.27,28.41,73.00
18.71,18.71,56.21,22.75,74.72
21.56,21.56,52.36,21.25,79.93
23.96,23.96,50.35,15.93,73.39
25.70,25.70,49.76,15.13,76.06
25.52,25.52,43.49,22.32,75.07
24.22,24.22,43.41,23.87,73.83
19.64,19.64,44.86,23.67,75.48
22.94,22.94,52.82,26.56,71.34
26.91,26.91,57.50,31.67,70.64
27.19,27.19,54.26,31.66,73.52
31.64,31.64,53.56,29.04,78.09
30.10,30.10,50.83,31.69,77.90
37.18,37.18,47.31,25.56,78.71
39.60,39.60,47.51,31.30,78.21
36.82,36.82,45.12,29.18,76.79
35.82,35.82,44.13,33.38,70.93
37.02,37.02,46.89,31.80,65.72
39.33,39.33,46.77,34.87,65.97
39.57,39.57,45.55,33.87,68.70
36.80,36.80,42.68,34.79,69.33
38.90,38.90,42.92,30.84,68.38
34.58,34.58,41.00,28.06,66.13
34.40,34.40,37.66,32.44,66.47
34.25,34.25,39.82,33.55,63.05
30.59,30.59,42.01,33.85,68.07
31.74,31.74,49.71,32.34,68.96
31.79,31.79,58.92,32.16,67.80
30.17,30.17,58.48,29.90,70.04
31.17,31.17,56.59,32.15,73.94
30.42,30.42,53.25,25.30,73.58
35.67,35.67,52.20,23.78,73.79
36.71,36.71,51.22,27.27,73.17
27.74,27.74,44.62,26.92,72.55
27.52,27.52,47.87,29.96,72.52
18.27,18.27,55.33,29.64,72.67
17.17,17.17,61.12,31.40,72.26
18.99,18.99,52.91,34.73,75.46
20.08,20.08,43.46,33.64,75.09
25.73,25.73,41.14,38.53,71.83
29.81,29.81,39.25,31.25,72.03
29.62,29.62,37.34,35.05,77.53
22.28,22.28,34.83,34.83,78.05
19.43,19.43,39.02,30.74,78.25
21.07,21.07,51.91,34.66,76.94
20.22,20.22,60.33,32.71,72.37
24.38,24.38,62.82,31.52,75.50
26.23,26.23,58.20,34.39,77.19
27.62,27.62,56.02,25.63,79.23
33.00,33.00,53.17,29.29,78.71
36.18,36.18,51.12,27.23,79.76
38.12,38.12,47.01,31.61,75.58
34.35,34.35,44.68,30.72,73.19
32.00,32.00,46.23,38.69,70.79
30.09,30.09,46.32,32.92,70.10
30.52,30.52,42.42,40.50,73.01
26.54,26.54,35.76,35.92,76.06
24.85,24.85,34.11,35.04,78.97
26.81,26.81,36.86,37.01,78.15
25.59,25.59,39.01,35.17,76.80
25.66,25.66,45.83,37.53,75.31
16.15,16.15,52.05,33.47,77.49
19.93,19.93,60.57,31.42,79.54
21.76,21.76,64.38,42.43,74.80
20.62,20.62,61.39,40.19,75.10
19.72,19.72,60.54,39.46,74.93
13.58,13.58,60.47,34.35,76.63
14.41,14.41,65.61,42.01,76.57
18.72,18.72,59.46,37.77,75.78
25.66,25.66,56.64,38.17,75.52
26.96,26.96,52.27,37.12,71.63
20.71,20.71,57.20,39.55,73.28
14.21,14.21,59.07,39.81,72.08
18.65,18.65,57.89,33.34,74.00
21.56,21.56,54.46,33.47,79.75
21.86,21.86,54.85,36.03,78.69
22.86,22.86,53.56,34.89,80.57
24.10,24.10,49.66,34.39,78.91
22.35,22.35,46.72,34.56,74.35
16.96,16.96,48.08,36.79,74.65
22.93,22.93,55.99,39.53,76.15
21.08,21.08,59.65,38.02,75.46
23.80,23.80,59.13,42.88,73.95
25.05,25.05,57.32,44.86,77.26
26.99,26.99,55.55,43.13,79.29
27.88,27.88,54.43,31.59,79.69
33.85,33.85,54.17,37.21,79.70
34.71,34.71,49.70,38.94,76.68
37.00,37.00,51.28,41.16,76.80
38.47,38.47,51.77,34.15,74.26
30.37,30.37,46.84,34.39,72.85
29.61,29.61,44.84,36.89,72.35
32.45,32.45,46.14,35.97,71.69
30.38,30.38,45.12,35.23,71.91
29.54,29.54,47.04,33.35,74.03
30.52,30.52,44.76,38.82,73.89
29.58,29.58,42.05,36.88,77.00
20.97,20.97,41.69,25.69,77.15
22.25,22.25,52.44,33.57,75.01
27.25,27.25,60.61,36.44,74.70
26.12,26.12,56.75,34.80,74.98
35.51,35.51,58.00,37.00,76.09
41.14,41.14,56.13,39.89,77.83
37.40,37.40,47.45,35.15,77.99
34.41,34.41,43.78,35.46,76.22
33.10,33.10,47.37,32.82,75.28
24.11,24.11,49.35,36.83,75.46
21.38,21.38,51.29,32.94,78.38
25.11,25.11,56.42,34.60,75.60
23.42,23.42,49.26,38.07,75.02
24.36,24.36,43.79,34.17,69.81
26.62,26.62,41.40,34.70,70.70
30.31,30.31,42.26,31.24,72.20
27.15,27.15,44.12,27.66,73.87
21.43,21.43,51.92,23.76,75.05
11.39,11.39,59.01,16.70,75.56
16.02,16.02,68.50,7.46,75.58
18.69,18.69,80.20,0.08,73.63
13.58,13.58,82.86,-0.00,70.69
19.97,19.97,82.40,-0.00,75.02
24.77,24.77,82.72,-0.00,74.86
29.96,29.96,83.66,-0.00,74.21
32.04,32.04,83.74,-0.00,78.60
26.60,26.60,85.80,-0.00,77.55
23.15,23.15,81.01,-0.00,78.24
13.26,13.26,79.61,-0.00,81.99
9.73,9.73,79.17,-0.00,80.38
11.46,11.46,81.35,-0.00,76.76
13.80,13.80,82.93,-0.00,74.22
17.61,17.61,85.30,-0.00,73.59
14.24,14.24,83.39,-0.00,72.23
9.41,9.41,78.15,-0.00,70.28
7.62,7.62,82.67,-0.00,66.35
5.51,5.51,85.07,-0.00,66.55
20.28,20.28,81.76,-0.00,66.87
19.22,19.22,80.70,-0.00,67.39
7.43,7.43,82.29,-0.00,69.35
10.33,10.33,80.61,-0.00,69.63
18.21,18.21,82.70,0.00,67.84
15.86,15.86,78.30,2.86,67.45
19.28,19.28,80.70,4.93,67.65
17.48,17.48,84.86,8.08,69.94
18.75,18.75,79.76,6.09,68.49
14.99,14.99,78.64,2.56,68.25
10.34,10.34,72.59,0.12,72.95
13.09,13.09,64.91,1.59,77.55
16.47,16.47,59.92,4.74,80.44
19.52,19.52,62.22,8.16,82.87
21.33,21.33,58.41,15.38,82.71
20.21,20.21,53.26,7.25,81.42
18.46,18.46,55.36,9.78,79.16
25.82,25.82,60.48,6.02,77.88
30.30,30.30,69.46,2.21,75.90
24.96,24.96,81.66,-0.00,74.01
15.24,15.24,82.38,-0.00,72.12
20.73,20.73,82.98,0.14,73.71
27.46,27.46,84.41,7.01,74.07
33.31,33.31,83.82,11.84,74.92
42.32,42.32,83.78,10.32,74.04
39.02,39.02,85.68,5.83,74.87
42.17,42.17,80.57,14.30,75.42
35.97,35.97,79.00,10.67,74.03
31.50,31.50,72.17,15.95,74.04
23.02,23.02,66.72,14.44,76.59
25.05,25.05,58.88,11.18,79.78
28.44,28.44,48.91,17.52,81.25
29.99,29.99,43.64,15.09,79.03
28.53,28.53,43.86,11.60,81.86
22.30,22.30,53.75,14.57,79.43
17.50,17.50,58.00,8.13,77.58
15.33,15.33,71.27,3.18,76.15
14.21,14.21,81.30,0.08,72.40
10.53,10.53,82.05,-0.00,70.30
20.01,20.01,80.48,-0.00,75.41
26.19,26.19,81.82,0.41,71.28
18.92,18.92,83.16,8.32,70.34
17.75,17.75,82.76,6.90,72.19
20.39,20.39,85.26,4.21,72.05
12.40,12.40,79.73,0.56,71.36
9.93,9.93,78.26,-0.00,72.85
8.07,8.07,78.90,-0.00,75.95
4.45,4.45,82.12,-0.00,78.82
3.66,3.66,83.00,-0.00,79.84
8.11,8.11,83.89,-0.00,78.02
12.46,12.46,83.37,0.56,77.06
16.54,16.54,77.37,1.19,77.34
19.65,19.65,83.94,18.62,74.60
12.32,12.32,85.64,33.56,74.55
19.65,19.65,82.09,33.42,74.43
14.17,14.17,79.94,32.59,75.01
15.52,15.52,82.85,24.01,74.09
24.41,24.41,81.41,1.97,75.47
33.52,33.52,84.61,-0.00,75.76
33.19,33.19,81.13,-0.00,78.66
35.01,35.01,82.43,-0.00,81.07
37.46,37.46,85.86,-0.00,80.18
35.07,35.07,80.27,-0.00,78.15
37.38,37.38,79.22,-0.00,81.20
33.63,33.63,72.40,-0.00,78.53
28.34,28.34,62.30,2.15,78.61
26.23,26.23,56.41,7.40,75.90
21.09,21.09,48.36,19.34,76.29
21.53,21.53,51.35,24.26,77.14
18.00,18.00,53.71,22.32,73.05
12.85,12.85,58.23,21.64,75.13
10.12,10.12,64.25,5.87,72.82
24.46,24.46,74.69,0.80,71.91
13.37,13.37,81.05,0.01,71.87
21.29,21.29,82.44,-0.00,69.21
22.63,22.63,81.07,-0.00,72.59
25.87,25.87,82.85,-0.00,71.17
24.31,24.31,82.50,0.40,71.30
26.02,26.02,82.72,1.18,68.52
30.28,30.28,85.30,3.36,68.44
26.09,26.09,80.52,3.44,67.15
17.71,17.71,78.80,3.43,68.15
15.35,15.35,72.44,2.10,74.30
19.01,19.01,65.42,2.64,75.87
22.78,22.78,57.55,8.24,77.66
23.26,23.26,61.16,9.82,77.50
25.03,25.03,53.50,6.56,77.70
20.94,20.94,50.57,22.59,79.34
19.10,19.10,53.57,31.89,77.87
10.65,10.65,58.89,27.44,79.44
16.25,16.25,66.54,27.92,79.55
19.49,19.49,77.33,24.65,79.46
16.41,16.41,79.95,49.73,78.29
12.48,12.48,79.98,58.86,79.09
14.47,14.47,83.32,68.94,77.61
16.88,16.88,73.53,68.15,79.28
11.76,11.76,82.02,70.83,80.65
17.74,17.74,82.71,70.71,78.80
14.94,14.94,82.47,70.11,80.77
16.61,16.61,82.19,71.76,80.18
14.50,14.50,77.57,72.65,78.87
12.32,12.32,81.55,69.92,78.25
9.92,9.92,70.94,71.26,77.60
9.97,9.97,76.95,75.69,77.97
16.95,16.95,73.50,78.86,80.27
22.87,22.87,73.53,82.18,80.41
23.27,23.27,73.65,79.64,80.17
15.82,15.82,68.12,78.99,80.09
18.59,18.59,78.01,80.59,78.92
14.28,14.28,70.96,79.83,79.45
7.71,7.71,78.66,78.62,73.83
5.89,5.89,76.71,72.33,77.54
11.90,11.90,81.39,69.41,77.62
13.28,13.28,79.98,67.32,79.99
10.76,10.76,83.54,65.78,80.44
16.16,16.16,81.05,71.25,80.68
11.21,11.21,74.69,74.75,79.18
11.96,11.96,76.25,82.79,76.59
9.26,9.26,70.91,79.10,76.03
10.88,10.88,70.45,85.09,76.04
13.06,13.06,68.61,79.85,76.86
10.91,10.91,68.18,83.72,78.33
13.60,13.60,69.43,77.14,76.64
10.14,10.14,68.67,84.39,76.48
15.42,15.42,68.61,80.67,77.58
20.98,20.98,68.97,79.17,77.30
26.74,26.74,69.57,81.71,76.15
18.38,18.38,69.21,75.84,74.63
12.82,12.82,73.69,79.03,75.87
12.14,12.14,78.90,78.85,80.48
17.86,17.86,84.51,78.86,81.65
24.41,24.41,78.11,72.55,82.82
29.08,29.08,76.55,70.81,81.53
31.09,31.09,83.77,75.23,83.98
28.92,28.92,82.37,75.31,79.68
30.51,30.51,76.93,71.85,82.17
35.74,35.74,73.00,79.06,82.76
36.46,36.46,80.47,78.13,80.49
40.86,40.86,80.69,78.50,80.31
43.91,43.91,75.69,79.33,79.94
39.87,39.87,72.07,74.87,82.41
42.87,42.87,72.78,82.01,84.34
38.06,38.06,68.45,81.15,82.00
48.93,48.93,65.61,78.98,80.65
52.61,52.61,72.75,74.05,78.65
57.78,57.78,73.66,67.08,78.11
65.97,65.97,77.88,62.08,82.66
62.96,62.96,82.39,57.04,79.61
53.02,53.02,83.72,60.82,81.26
44.93,44.93,82.26,61.53,78.32
42.49,42.49,81.83,69.31,78.31
44.54,44.54,82.60,69.15,77.79
44.64,44.64,74.02,67.51,80.57
48.77,48.77,65.80,70.70,81.94
56.15,56.15,66.67,75.44,82.66
59.58,59.58,65.86,78.17,78.14
64.98,64.98,61.37,83.19,79.95
63.89,63.89,58.61,78.47,81.02
69.44,69.44,57.69,84.31,80.11
75.17,75.17,57.28,79.10,79.89
77.26,77.26,56.12,79.29,81.23
78.32,78.32,62.12,81.30,81.60
78.32,78.32,68.83,71.44,77.91
76.63,76.63,71.92,69.52,80.07
70.09,70.09,76.95,67.37,79.61
73.14,73.14,83.30,64.00,79.01
76.66,76.66,84.97,69.31,81.50
77.57,77.57,82.66,72.58,79.30
78.78,78.78,82.59,70.03,81.41
77.24,77.24,85.84,76.27,79.97
76.15,76.15,80.43,79.36,82.55
72.51,72.51,79.59,73.60,83.01
73.39,73.39,75.47,81.27,81.64
77.21,77.21,66.72,79.11,82.25
79.80,79.80,58.56,75.62,81.73
78.66,78.66,52.95,81.01,81.44
75.32,75.32,53.61,79.72,81.51
73.27,73.27,51.70,78.61,81.82
74.88,74.88,55.76,79.70,79.79
74.94,74.94,62.57,81.27,79.72
75.83,75.83,71.23,68.82,79.90
76.95,76.95,73.91,67.09,81.72
75.07,75.07,78.45,67.21,79.85
74.61,74.61,79.31,66.07,80.47
74.58,74.58,83.48,70.71,82.11
73.69,73.69,80.99,70.28,81.02
74.34,74.34,80.26,67.72,82.62
74.62,74.62,81.54,73.61,83.08
74.88,74.88,81.34,75.14,83.31
75.18,75.18,77.59,73.19,83.10
73.09,73.09,75.32,78.19,82.78
72.39,72.39,67.49,77.57,81.54
75.35,75.35,60.45,77.36,83.33
75.42,75.42,55.55,83.32,85.05
74.65,74.65,51.54,77.71,83.84
78.28,78.28,49.74,80.21,83.77
78.36,78.36,54.40,79.98,83.48
77.42,77.42,60.07,76.76,83.75
76.30,76.30,65.76,73.38,84.17
76.24,76.24,70.64,67.46,84.54
74.55,74.55,77.23,63.15,84.29
72.42,72.42,82.57,65.91,83.72
70.48,70.48,81.66,58.61,81.77
72.76,72.76,83.10,70.53,82.87
72.05,72.05,82.70,72.28,81.16
70.92,70.92,82.51,72.49,79.84
67.37,67.37,74.72,72.60,79.64
63.65,63.65,68.64,70.26,81.17
67.71,67.71,71.04,74.26,81.19
63.71,63.71,63.27,74.75,82.44
64.26,64.26,60.75,79.93,78.61
63.34,63.34,55.58,82.71,81.07
69.78,69.78,52.55,78.57,79.05
66.55,66.55,51.36,79.50,80.64
62.12,62.12,56.45,82.23,76.18
59.51,59.51,64.59,78.56,79.48
57.77,57.77,72.61,70.21,77.65
63.80,63.80,77.86,65.42,81.08
61.18,61.18,78.62,61.37,80.16
55.45,55.45,81.22,63.02,80.40
57.33,57.33,86.00,68.73,75.88
58.13,58.13,80.10,69.52,78.19
63.68,63.68,79.91,69.41,77.01
58.77,58.77,83.55,75.23,75.84
51.09,51.09,82.49,65.33,77.07
61.81,61.81,82.80,72.97,77.97
63.76,63.76,77.09,70.95,78.06
63.46,63.46,75.89,76.11,79.71
62.71,62.71,66.87,79.75,81.74
56.79,56.79,61.10,78.01,81.63
65.52,65.52,59.96,80.68,79.89
61.27,61.27,59.01,80.63,80.65
65.23,65.23,59.20,80.53,80.93
62.28,62.28,62.12,80.23,77.54
62.48,62.48,69.25,68.66,78.90
64.79,64.79,75.76,66.19,80.97
63.72,63.72,78.94,59.65,79.89
64.60,64.60,82.19,56.45,80.16
64.47,64.47,84.68,63.66,79.93
66.70,66.70,82.83,64.05,80.02
68.01,68.01,82.81,68.00,80.78
66.40,66.40,86.72,75.40,80.29
64.99,64.99,79.69,69.76,80.12
65.33,65.33,79.34,72.12,80.97
68.32,68.32,77.14,77.72,80.84
68.34,68.34,73.29,77.44,81.06
65.71,65.71,65.49,79.52,81.74
64.48,64.48,56.95,78.72,78.16
67.09,67.09,52.76,82.25,78.24
70.43,70.43,53.50,77.60,79.06
68.83,68.83,58.54,73.58,77.61
68.76,68.76,63.41,83.32,78.67
69.23,69.23,72.41,66.29,80.65
68.48,68.48,74.42,61.10,80.25
68.49,68.49,78.10,57.26,79.24
68.14,68.14,80.31,58.63,79.54
66.69,66.69,81.17,62.22,79.27
65.75,65.75,82.35,68.12,79.40
66.74,66.74,81.83,69.23,79.78
67.51,67.51,82.93,71.25,80.38
67.69,67.69,75.09,69.99,80.60
67.36,67.36,69.56,67.02,81.47
70.14,70.14,71.18,70.93,79.98
68.78,68.78,67.15,76.83,81.20
67.59,67.59,65.31,74.65,80.09
67.04,67.04,59.50,81.40,79.70
66.05,66.05,59.58,77.65,79.62
69.17,69.17,58.09,79.67,80.97
66.93,66.93,60.38,79.09,80.43
62.38,62.38,66.03,78.33,81.71
63.88,63.88,71.85,66.21,82.78
66.06,66.06,76.39,58.77,79.47
69.10,69.10,78.20,54.22,78.66
71.34,71.34,81.12,63.08,81.29
70.55,70.55,85.50,69.18,79.88
66.84,66.84,84.11,73.43,79.80
61.51,61.51,80.77,68.05,81.37
63.41,63.41,84.74,79.44,82.87
62.08,62.08,82.22,78.39,83.26
67.27,67.27,81.16,79.70,81.91
62.80,62.80,78.48,80.06,81.77
65.77,65.77,73.03,81.37,80.92
65.69,65.69,67.72,78.39,82.69
67.03,67.03,61.87,83.02,81.30
61.15,61.15,52.65,82.34,80.82
66.39,66.39,51.15,79.98,79.57
66.41,66.41,56.02,82.61,79.59
63.80,63.80,63.06,78.26,81.06
66.82,66.82,72.44,77.58,79.71
67.28,67.28,77.96,72.56,79.50
65.74,65.74,78.97,72.53,80.90
59.62,59.62,79.60,68.56,80.01
59.39,59.39,83.80,67.36,79.53
61.17,61.17,84.01,73.91,81.64
60.51,60.51,80.69,74.23,81.25
57.35,57.35,83.23,79.49,80.92
60.59,60.59,82.07,78.65,80.62
61.72,61.72,82.33,79.90,81.93
56.30,56.30,80.17,79.23,79.42
58.99,58.99,75.26,79.91,79.57
62.99,62.99,70.63,76.84,77.54
63.42,63.42,65.16,81.61,81.39
65.26,65.26,59.42,83.21,78.76
62.18,62.18,60.56,78.69,79.19
57.95,57.95,60.82,82.71,80.11
61.53,61.53,64.55,80.21,80.94
60.43,60.43,69.80,72.25,80.06
56.93,56.93,78.24,72.80,79.62
58.58,58.58,78.13,68.53,77.54
64.17,64.17,84.61,67.19,81.39
66.72,66.72,86.08,60.77,81.61
67.86,67.86,85.80,69.20,81.39
67.97,67.97,81.34,73.24,80.79
67.81,67.81,84.38,76.46,80.46
68.21,68.21,82.66,77.03,80.84
65.69,65.69,82.45,79.64,81.14
61.39,61.39,80.06,77.33,80.49
62.67,62.67,74.35,80.15,81.75
63.35,63.35,71.36,78.61,80.80
60.85,60.85,63.42,82.87,78.73
61.94,61.94,56.36,78.87,79.54
63.63,63.63,52.21,78.93,80.65
62.18,62.18,56.61,82.67,79.58
63.03,63.03,62.40,81.23,81.32
59.27,59.27,71.40,74.61,80.25
61.43,61.43,78.68,73.20,77.93
62.03,62.03,79.95,65.91,80.60
58.73,58.73,82.51,67.17,80.43
58.68,58.68,84.86,59.79,81.89
62.78,62.78,83.64,72.76,82.63
62.03,62.03,79.24,72.25,81.82
60.26,60.26,84.08,77.19,81.16
59.46,59.46,81.23,78.60,78.03
59.41,59.41,80.24,79.46,78.03
55.56,55.56,75.89,77.44,78.28
56.01,56.01,80.23,81.44,78.22
58.16,58.16,82.19,77.57,79.91
60.05,60.05,84.26,78.29,78.87
58.14,58.14,83.68,80.90,79.85
51.34,51.34,80.67,77.61,79.75
52.92,52.92,81.67,77.27,78.07
56.28,56.28,79.93,73.75,78.44
57.98,57.98,78.07,69.64,81.23
55.43,55.43,79.04,62.62,78.41
56.20,56.20,83.60,75.35,78.68
55.56,55.56,81.45,72.33,80.88
53.01,53.01,82.39,72.75,78.86
53.20,53.20,83.36,74.14,80.08
53.77,53.77,81.02,69.68,78.88
51.69,51.69,83.49,70.17,77.94
53.62,53.62,79.28,63.59,77.57
52.51,52.51,77.06,70.65,79.19
50.14,50.14,70.18,62.86,76.43
44.57,44.57,63.83,50.73,77.08
47.78,47.78,56.90,60.41,78.05
48.26,48.26,47.64,56.78,78.57
48.47,48.47,49.19,47.21,79.18
46.27,46.27,51.64,46.53,78.23
46.68,46.68,58.24,41.97,79.32
38.50,38.50,64.70,25.41,80.96
37.93,37.93,73.07,16.22,78.64
38.10,38.10,77.86,4.00,76.92
40.53,40.53,79.71,-0.00,79.89
46.96,46.96,81.09,-0.00,81.16
47.15,47.15,82.64,0.04,82.26
43.61,43.61,81.67,0.62,82.59
43.76,43.76,82.97,6.45,82.41
46.70,46.70,85.04,12.80,82.69
43.92,43.92,80.17,17.48,82.67
40.15,40.15,79.42,19.73,84.28
37.89,37.89,73.45,17.52,84.68
43.21,43.21,66.63,15.12,83.13
44.64,44.64,60.93,8.62,84.02
39.87,39.87,58.94,5.70,85.08
34.18,34.18,57.82,7.50,84.97
38.86,38.86,55.07,8.81,83.88
37.43,37.43,56.25,8.58,84.45
27.37,27.37,59.96,3.68,84.27
26.97,26.97,68.86,0.02,84.53
29.51,29.51,77.31,-0.00,85.26
38.90,38.90,80.82,-0.00,84.54
41.72,41.72,81.41,0.06,83.73
40.69,40.69,83.46,1.05,83.56
38.38,38.38,83.56,2.22,83.54
36.43,36.43,84.08,10.15,83.19
35.33,35.33,85.66,7.83,82.04
28.99,28.99,80.32,0.91,82.10
28.22,28.22,77.83,-0.00,82.37
24.38,24.38,78.44,-0.00,83.75
30.20,30.20,81.92,0.18,83.33
31.86,31.86,82.59,1.70,82.75
33.76,33.76,84.36,2.75,81.00
40.49,40.49,83.60,3.85,83.50
36.63,36.63,83.03,2.42,82.37
33.00,33.00,85.65,0.00,81.75
28.46,28.46,80.19,-0.00,81.24
29.22,29.22,78.77,-0.00,80.29
27.46,27.46,78.29,-0.00,81.88
31.23,31.23,80.11,-0.00,80.08
32.34,32.34,81.29,-0.00,81.51
34.97,34.97,83.10,0.00,82.49
34.33,34.33,83.01,4.86,85.00
29.40,29.40,81.72,10.62,84.19
26.70,26.70,85.28,12.28,86.83
25.32,25.32,81.04,22.47,84.98
30.83,30.83,78.53,16.23,85.52
36.19,36.19,77.55,30.80,85.12
37.41,37.41,81.34,34.09,86.72
36.32,36.32,82.81,37.93,86.63
36.79,36.79,84.05,42.70,83.95
38.45,38.45,82.82,51.71,87.07
40.29,40.29,76.11,55.74,87.86
40.09,40.09,83.12,61.16,87.40
37.57,37.57,84.30,60.00,88.69
36.23,36.23,81.79,63.48,87.76
36.65,36.65,79.26,66.52,88.83
39.24,39.24,78.90,72.82,84.37
45.05,45.05,78.14,70.42,82.80
36.16,36.16,84.33,70.42,78.99
39.17,39.17,81.87,75.01,80.71
40.82,40.82,78.97,65.98,80.70
36.39,36.39,79.24,73.88,78.97
38.39,38.39,80.92,78.59,83.79
44.92,44.92,78.68,76.59,82.57
41.49,41.49,75.79,77.82,82.77
32.00,32.00,72.43,82.95,81.70
30.48,30.48,62.73,79.61,77.54
32.56,32.56,54.33,83.45,79.00
35.58,35.58,52.28,81.98,78.80
34.10,34.10,52.03,83.83,77.20
33.37,33.37,56.46,84.50,78.36
35.08,35.08,64.63,81.61,76.36
37.26,37.26,72.83,76.57,77.40
36.53,36.53,77.29,72.01,79.33
33.21,33.21,77.92,71.73,78.06
36.58,36.58,80.58,66.68,78.25
38.45,38.45,84.56,69.17,79.72
38.87,38.87,85.61,74.16,78.64
38.50,38.50,79.90,74.33,80.17
44.10,44.10,79.67,79.56,79.01
38.80,38.80,80.63,78.30,78.50
40.72,40.72,80.19,79.31,79.80
38.96,38.96,78.34,79.87,79.13
33.23,33.23,76.31,77.46,80.03
29.12,29.12,68.98,80.01,80.38
34.05,34.05,58.35,83.22,82.39
34.33,34.33,54.94,80.26,81.52
44.56,44.56,54.36,83.80,81.34
41.91,41.91,57.58,80.21,82.28
42.35,42.35,65.96,78.14,80.94
44.35,44.35,74.53,75.17,80.03
44.53,44.53,78.93,72.76,79.57
44.98,44.98,74.49,68.93,78.54
45.92,45.92,84.46,64.29,81.86
42.45,42.45,85.02,64.72,80.00
44.82,44.82,86.16,71.24,79.13
39.02,39.02,82.04,73.12,80.51
34.88,34.88,80.77,75.90,78.33
34.49,34.49,80.91,76.80,80.56
34.34,34.34,80.58,75.94,79.22
30.95,30.95,79.59,79.07,79.46
30.76,30.76,78.67,76.77,78.56
37.61,37.61,71.42,83.02,78.75
35.32,35.32,58.03,84.03,79.25
38.73,38.73,48.65,81.40,78.77
39.98,39.98,48.20,86.92,79.36
39.77,39.77,55.57,82.17,78.53
37.43,37.43,64.84,78.44,78.29
40.04,40.04,73.95,77.45,79.29
36.21,36.21,78.32,73.73,79.26
32.03,32.03,78.93,73.37,79.99
35.11,35.11,80.38,71.10,80.23
33.54,33.54,83.24,64.19,80.23
36.25,36.25,84.60,76.95,81.09
32.41,32.41,79.79,70.12,80.90
39.59,39.59,79.32,79.25,81.36
39.22,39.22,79.78,77.98,81.20
35.14,35.14,79.15,76.27,81.48
36.88,36.88,78.95,79.18,80.61
38.79,38.79,78.13,74.81,80.95
31.46,31.46,70.86,80.23,81.39
30.19,30.19,60.10,82.65,81.07
31.08,31.08,53.10,80.51,81.24
35.52,35.52,51.44,86.16,80.27
30.71,30.71,54.72,82.36,77.96
35.38,35.38,66.53,81.57,80.08
35.10,35.10,73.97,75.93,78.92
27.87,27.87,76.67,72.88,78.74
41.47,41.47,78.64,71.30,76.74
47.36,47.36,82.32,69.69,79.99
43.74,43.74,84.29,65.85,81.63
41.40,41.40,85.40,75.86,81.48
43.60,43.60,81.97,69.31,79.77
42.81,42.81,81.31,74.80,79.56
39.96,39.96,80.23,75.25,79.37
42.59,42.59,79.49,68.17,81.68
38.41,38.41,79.67,77.85,81.48
36.74,36.74,78.38,78.06,80.47
35.52,35.52,70.18,79.22,81.91
36.16,36.16,57.96,82.18,79.07
35.96,35.96,49.15,80.66,80.52
34.42,34.42,47.11,86.28,80.21
29.97,29.97,56.33,82.66,79.66
27.93,27.93,66.33,82.05,79.85
27.06,27.06,74.46,76.61,79.42
27.91,27.91,79.82,72.41,81.87
31.07,31.07,77.70,75.42,80.34
34.03,34.03,80.27,73.91,77.34
38.03,38.03,82.21,74.05,80.40
44.66,44.66,84.46,79.69,80.17
43.71,43.71,80.17,79.00,81.13
43.14,43.14,80.12,80.26,80.06
37.27,37.27,79.50,79.65,81.01
39.25,39.25,78.32,80.40,80.58
40.17,40.17,79.15,81.15,79.97
42.13,42.13,77.18,77.59,84.01
49.94,49.94,69.05,78.34,84.14
44.47,44.47,59.95,82.10,81.05
41.27,41.27,55.51,82.39,81.50
45.08,45.08,54.02,83.46,81.77
37.60,37.60,58.94,84.00,79.61
35.30,35.30,63.81,81.10,80.31
30.18,30.18,70.64,74.62,79.24
31.97,31.97,78.59,73.18,79.40
40.13,40.13,82.09,68.98,80.08
45.66,45.66,84.22,69.11,82.76
46.87,46.87,84.94,72.30,83.01
55.20,55.20,84.60,74.81,81.33
47.57,47.57,81.33,76.17,81.21
43.06,43.06,81.93,77.21,81.28
52.44,52.44,79.35,77.28,81.29
45.20,45.20,77.66,78.61,84.14
48.00,48.00,79.29,80.91,79.42
49.19,49.19,77.17,78.29,82.23
45.57,45.57,68.76,81.07,84.57
52.54,52.54,56.57,83.73,85.36
49.11,49.11,47.00,75.46,83.03
48.27,48.27,49.78,87.19,81.75
46.39,46.39,55.58,77.53,81.66
38.91,38.91,63.41,78.08,81.18
32.14,32.14,71.72,73.97,83.26
27.19,27.19,78.46,71.78,83.13
33.46,33.46,82.00,72.68,80.07
34.79,34.79,77.71,70.13,82.82
41.25,41.25,81.66,71.25,85.96
41.78,41.78,84.15,75.15,84.89
42.16,42.16,81.00,74.15,81.61
40.42,40.42,80.39,79.79,80.81
39.51,39.51,78.60,76.92,78.44
29.49,29.49,77.76,81.34,78.92
30.94,30.94,79.86,80.83,79.66
30.90,30.90,78.99,77.70,81.73
30.00,30.00,71.53,82.28,80.20
34.36,34.36,61.26,82.08,77.59
28.67,28.67,51.10,75.15,78.38
26.83,26.83,48.16,86.19,79.39
25.90,25.90,51.74,76.97,78.15
19.95,19.95,57.06,79.54,75.88
22.26,22.26,69.29,71.50,78.95
17.86,17.86,79.16,70.35,78.24
18.74,18.74,83.18,69.12,77.74
22.05,22.05,83.21,61.37,79.68
26.88,26.88,83.12,63.92,81.01
32.92,32.92,85.66,70.61,80.90
34.04,34.04,83.84,68.18,81.03
33.93,33.93,86.62,63.70,80.86
37.46,37.46,82.29,65.16,79.83
29.15,29.15,83.45,74.50,79.04
27.39,27.39,76.97,74.07,78.60
25.90,25.90,72.07,78.61,79.52
30.69,30.69,57.06,76.66,80.34
31.34,31.34,49.96,82.69,81.11
30.17,30.17,46.25,80.28,79.78
31.47,31.47,48.43,81.19,79.40
26.82,26.82,54.98,81.14,78.07
17.74,17.74,63.53,80.24,77.53
19.21,19.21,74.09,68.27,77.29
17.82,17.82,77.14,58.16,76.89
17.90,17.90,81.23,57.36,77.71
20.05,20.05,81.28,58.04,78.48
24.22,24.22,80.93,60.23,77.80
21.33,21.33,83.54,69.11,79.64
22.48,22.48,82.99,68.79,78.45
22.31,22.31,85.36,71.69,78.95
19.00,19.00,79.93,72.10,79.32
19.02,19.02,82.12,76.09,78.44
16.92,16.92,77.15,75.85,76.57
15.10,15.10,70.25,83.09,78.26
13.42,13.42,58.85,81.44,80.23
13.90,13.90,55.08,83.03,79.34
15.84,15.84,54.56,82.98,77.75
16.79,16.79,53.37,84.24,79.26
15.94,15.94,55.35,81.36,79.86
11.14,11.14,63.03,81.22,77.48
18.55,18.55,70.79,73.39,77.21
12.41,12.41,77.25,67.29,77.14
17.37,17.37,81.41,61.10,78.40
25.62,25.62,84.12,57.38,77.41
32.53,32.53,82.26,60.12,78.06
37.71,37.71,84.59,65.66,77.89
41.25,41.25,82.81,67.22,78.35
36.80,36.80,83.85,67.20,78.96
36.33,36.33,77.69,66.10,77.77
30.92,30.92,79.84,64.63,78.77
27.51,27.51,81.12,76.45,75.82
26.98,26.98,74.67,77.01,77.59
25.24,25.24,68.27,81.15,76.68
26.85,26.85,53.93,79.53,76.99
28.03,28.03,51.31,81.54,76.96
21.91,21.91,49.78,79.52,77.61
16.83,16.83,54.26,79.03,75.39
9.90,9.90,62.39,81.58,76.54
17.02,17.02,71.74,63.84,77.90
11.01,11.01,77.26,58.09,75.91
9.62,9.62,81.85,56.26,78.10
16.32,16.32,82.05,58.13,78.77
23.48,23.48,80.71,56.50,79.85
27.40,27.40,82.29,66.65,80.16
28.28,28.28,79.02,70.08,79.48
24.80,24.80,80.57,68.37,78.24
17.76,17.76,71.43,69.94,78.95
14.97,14.97,70.83,71.23,79.07
22.00,22.00,76.21,76.74,79.46
27.84,27.84,70.48,79.42,79.68
32.27,32.27,59.91,83.22,77.13
32.48,32.48,54.39,77.78,78.53
29.69,29.69,53.20,79.10,78.21
32.13,32.13,53.05,77.17,78.52
28.30,28.30,53.54,83.38,77.63
18.94,18.94,58.88,78.39,76.73
16.48,16.48,68.47,67.28,78.29
12.74,12.74,77.86,62.46,81.25
18.68,18.68,83.27,59.18,79.71
26.66,26.66,83.86,57.27,82.11
37.45,37.45,82.60,56.92,79.92
39.34,39.34,83.84,60.03,80.56
35.87,35.87,81.15,64.91,78.85
31.97,31.97,81.28,66.86,80.77
20.91,20.91,77.84,66.91,79.03
15.24,15.24,73.07,65.82,77.25
11.88,11.88,77.51,64.63,78.09
20.33,20.33,81.34,63.95,78.84
23.88,23.88,83.79,66.02,78.11
23.37,23.37,81.87,67.83,77.06
26.32,26.32,78.83,66.03,78.00
24.85,24.85,78.50,70.87,78.72
19.93,19.93,80.81,70.99,78.96
13.65,13.65,82.61,66.59,77.71
20.26,20.26,74.97,59.75,76.43
21.25,21.25,77.30,55.39,75.64
13.81,13.81,81.04,52.69,76.08
17.53,17.53,82.08,49.04,78.49
20.59,20.59,80.77,55.76,77.05
20.96,20.96,81.71,58.27,78.32
18.69,18.69,81.53,56.48,76.97
20.75,20.75,83.37,60.41,76.74
20.30,20.30,83.22,59.12,76.48
19.35,19.35,77.27,59.64,76.68
20.51,20.51,73.07,69.01,74.99
24.58,24.58,68.84,78.81,78.61
25.76,25.76,60.98,79.36,80.83
23.80,23.80,54.57,82.91,80.49
27.07,27.07,55.39,76.43,79.68
23.13,23.13,53.13,81.19,78.49
20.67,20.67,55.23,75.71,80.72
14.97,14.97,62.15,82.70,78.12
19.55,19.55,70.67,65.18,77.21
17.58,17.58,77.81,59.45,76.24
16.04,16.04,82.60,50.69,78.43
28.23,28.23,84.17,54.68,79.47
34.31,34.31,80.50,55.25,80.08
39.86,39.86,84.13,64.36,78.70
37.90,37.90,83.27,69.23,77.27
37.80,37.80,86.02,63.77,78.61
32.76,32.76,84.18,63.58,78.38
32.16,32.16,80.57,70.86,79.95
30.15,30.15,77.52,72.79,79.51
25.29,25.29,69.81,77.71,78.01
25.45,25.45,66.75,82.51,77.71
28.56,28.56,57.08,81.58,78.27
32.24,32.24,51.27,82.67,77.36
33.42,33.42,50.67,82.26,77.11
32.17,32.17,55.98,81.24,79.33
27.24,27.24,62.93,82.94,78.39
19.89,19.89,72.36,67.90,76.02
15.43,15.43,78.58,58.64,74.22
13.63,13.63,81.59,53.62,77.52
18.29,18.29,82.01,57.48,80.64
22.31,22.31,78.98,60.40,79.43
21.27,21.27,83.75,66.39,82.46
23.62,23.62,83.90,68.65,81.44
23.88,23.88,87.12,68.95,81.28
22.77,22.77,83.89,66.52,80.50
19.19,19.19,79.47,63.27,79.10
25.94,25.94,77.73,65.08,79.63
25.48,25.48,80.78,62.80,79.97
24.89,24.89,83.48,66.02,80.14
27.31,27.31,80.49,73.24,78.72
36.03,36.03,85.91,77.32,78.31
33.39,33.39,85.25,75.71,80.73
28.48,28.48,88.06,75.66,79.31
25.05,25.05,83.81,71.29,80.26
21.89,21.89,79.84,72.38,77.68
18.39,18.39,77.82,63.95,78.46
20.49,20.49,83.32,57.01,80.91
25.94,25.94,83.54,56.24,81.43
32.68,32.68,83.04,60.10,80.06
35.72,35.72,83.39,66.41,79.25
42.11,42.11,82.33,69.64,80.07
34.16,34.16,83.25,71.20,80.28
36.23,36.23,78.83,73.79,80.88
33.76,33.76,80.03,76.73,78.85
33.24,33.24,71.29,76.18,80.45
31.15,31.15,64.34,79.08,80.45
28.95,28.95,58.16,79.82,80.67
31.47,31.47,52.97,77.98,79.98
35.92,35.92,52.67,75.14,81.03
35.87,35.87,52.57,78.16,80.49
28.71,28.71,55.49,78.17,79.36
17.09,17.09,64.42,79.67,79.42
23.60,23.60,74.98,61.31,77.66
20.60,20.60,77.05,53.66,82.01
14.94,14.94,84.19,49.89,79.79
18.92,18.92,82.16,55.02,79.92
24.08,24.08,82.00,61.19,78.78
24.67,24.67,83.03,66.78,78.43
25.97,25.97,83.90,70.42,78.23
24.97,24.97,85.17,70.60,79.22
24.63,24.63,79.19,69.31,78.18
30.12,30.12,76.39,75.20,77.46
29.37,29.37,73.81,79.12,79.50
23.54,23.54,65.24,81.17,78.52
25.51,25.51,57.59,82.52,79.49
30.43,30.43,54.09,83.49,83.54
33.38,33.38,52.65,83.99,80.60
33.61,33.61,52.76,82.11,82.64
31.75,31.75,56.59,82.36,80.96
26.74,26.74,65.20,81.41,81.34
30.07,30.07,73.55,69.33,80.38
34.24,34.24,76.74,63.52,81.19
32.91,32.91,84.64,58.26,80.78
34.40,34.40,81.82,58.43,81.17
39.21,39.21,84.66,62.54,81.42
42.42,42.42,85.22,63.82,83.81
40.38,40.38,83.10,65.53,80.36
41.97,41.97,83.43,66.58,80.83
39.62,39.62,79.85,67.60,81.09
36.68,36.68,80.41,75.92,81.20
35.67,35.67,71.56,78.85,80.79
35.31,35.31,65.66,80.09,80.19
35.68,35.68,58.55,79.07,80.11
36.27,36.27,49.29,79.56,80.90
38.76,38.76,48.96,77.24,80.88
37.98,37.98,49.45,78.70,79.70
36.56,36.56,55.99,78.91,78.90
36.04,36.04,62.44,78.25,76.71
33.00,33.00,74.89,63.42,76.56
28.10,28.10,77.62,58.23,77.00
31.32,31.32,83.58,56.56,79.41
32.34,32.34,80.61,55.20,81.41
33.52,33.52,81.12,57.53,80.89
37.22,37.22,83.39,64.12,81.21
41.16,41.16,83.69,66.93,82.26
42.63,42.63,84.21,69.52,82.45
46.90,46.90,78.97,74.11,82.50
55.60,55.60,76.62,74.59,80.76
61.48,61.48,72.31,78.64,80.25
65.60,65.60,66.03,79.74,78.97
69.28,69.28,57.86,82.74,79.99
65.86,65.86,52.22,80.61,81.77
46.19,46.19,49.41,81.57,83.23
44.19,44.19,49.74,81.49,81.05
44.17,44.17,55.96,80.77,79.57
50.51,50.51,62.58,81.59,79.83
57.57,57.57,70.52,67.62,79.82
50.96,50.96,79.49,52.59,81.40
61.72,61.72,85.38,55.82,79.51
64.29,64.29,81.41,59.03,83.24
65.14,65.14,84.45,68.63,81.54
62.31,62.31,81.52,72.77,82.77
52.68,52.68,83.89,74.41,82.44
50.11,50.11,85.25,78.24,82.12
49.74,49.74,79.63,79.70,80.56
54.15,54.15,78.81,80.87,80.82
66.39,66.39,71.47,82.50,81.74
74.36,74.36,66.33,83.33,82.25
69.72,69.72,58.42,84.66,82.56
70.14,70.14,50.23,81.80,82.42
68.80,68.80,49.15,80.28,82.14
70.66,70.66,54.96,80.51,83.02
69.11,69.11,63.36,80.10,80.90
61.07,61.07,68.15,78.64,79.38
51.10,51.10,75.15,71.84,78.24
54.48,54.48,79.72,63.64,78.80
66.46,66.46,79.51,57.42,78.02
67.34,67.34,83.22,55.11,80.76
67.64,67.64,82.81,57.06,81.67
62.61,62.61,81.52,56.39,82.37
52.09,52.09,82.33,56.99,83.05
61.83,61.83,84.73,57.41,79.75
63.33,63.33,80.91,66.68,77.98
62.45,62.45,79.10,71.25,80.78
68.96,68.96,73.01,74.67,80.93
73.54,73.54,65.55,76.25,82.04
70.23,70.23,60.00,77.80,84.94
72.95,72.95,58.49,81.95,83.19
71.24,71.24,58.30,83.96,81.53
72.81,72.81,61.96,81.61,83.29
72.77,72.77,65.00,82.49,81.34
72.62,72.62,66.75,82.43,79.77
70.74,70.74,71.25,75.09,80.12
69.88,69.88,77.95,69.96,82.20
71.59,71.59,78.69,63.11,81.40
73.62,73.62,83.79,56.18,83.42
73.09,73.09,83.58,57.46,83.34
71.45,71.45,82.57,62.94,84.80
69.13,69.13,82.96,69.06,82.29
67.95,67.95,85.15,71.74,82.72
67.51,67.51,80.08,73.16,81.39
70.44,70.44,79.17,76.40,81.52
67.61,67.61,72.34,77.24,80.81
62.70,62.70,64.55,76.73,81.15
61.69,61.69,57.10,73.40,82.69
60.19,60.19,54.85,71.47,83.59
57.47,57.47,54.76,73.05,81.74
55.84,55.84,55.28,75.36,83.62
54.69,54.69,58.30,75.81,81.91
56.39,56.39,64.23,74.49,80.16
61.45,61.45,71.67,64.91,81.24
53.97,53.97,78.64,62.65,83.88
55.08,55.08,82.13,55.13,83.37
52.90,52.90,81.05,62.33,82.96
52.75,52.75,82.95,70.38,81.63
53.64,53.64,80.03,75.40,81.74
49.87,49.87,82.73,77.39,80.65
46.75,46.75,85.06,79.68,80.51
47.40,47.40,80.19,80.23,78.28
43.40,43.40,78.44,82.26,81.49
48.66,48.66,72.49,83.43,82.52
45.06,45.06,66.99,83.37,81.36
43.95,43.95,61.23,83.34,78.63
44.98,44.98,56.02,79.82,81.08
40.79,40.79,54.98,77.47,78.99
40.83,40.83,54.83,75.82,80.50
38.31,38.31,56.61,76.67,81.24
31.13,31.13,63.42,75.63,77.67
30.44,30.44,70.66,72.19,79.19
27.20,27.20,76.68,69.88,80.11
28.16,28.16,78.30,62.93,78.12
29.84,29.84,84.21,67.72,82.91
30.61,30.61,80.64,65.34,80.52
29.81,29.81,81.87,67.63,79.39
33.45,33.45,82.76,70.79,77.66
30.57,30.57,85.88,75.61,78.88
28.86,28.86,80.51,75.96,77.47
24.73,24.73,74.04,78.01,80.05
22.31,22.31,69.81,79.93,78.29
20.43,20.43,68.80,81.82,79.11
24.94,24.94,60.96,79.70,79.67
27.09,27.09,52.48,81.54,80.19
32.37,32.37,50.00,82.17,79.50
26.65,26.65,51.43,80.62,79.91
22.77,22.77,54.96,79.57,80.28
20.92,20.92,62.70,80.58,80.21
18.04,18.04,73.46,69.61,78.63
18.65,18.65,77.75,53.80,79.00
22.54,22.54,82.63,56.44,79.64
24.50,24.50,82.62,62.50,81.40
24.27,24.27,79.87,65.04,81.96
21.88,21.88,81.24,69.86,80.01
20.68,20.68,79.23,73.94,78.38
24.33,24.33,81.07,74.39,77.81
24.46,24.46,77.72,75.76,78.19
25.58,25.58,81.16,76.19,78.01
22.87,22.87,73.47,79.69,78.71
14.19,14.19,62.40,80.41,79.62
10.77,10.77,59.56,81.38,82.32
11.64,11.64,55.73,80.82,81.35
13.35,13.35,54.82,82.74,78.46
15.67,15.67,53.00,81.49,78.01
16.80,16.80,54.18,81.14,78.13
12.49,12.49,59.26,80.44,77.13
20.86,20.86,70.33,70.80,78.27
15.22,15.22,77.89,59.83,76.39
9.73,9.73,80.26,50.66,78.79
19.19,19.19,82.48,47.02,81.28
23.93,23.93,84.70,62.77,81.04
26.51,26.51,85.07,69.37,81.28
25.88,25.88,84.16,69.95,78.74
28.68,28.68,86.88,68.70,80.82
26.81,26.81,81.33,70.62,77.85
28.63,28.63,74.66,73.69,77.18
20.72,20.72,69.38,75.05,77.61
19.10,19.10,67.76,79.71,75.98
21.80,21.80,61.26,80.22,80.46
19.87,19.87,52.11,83.24,80.02
22.43,22.43,48.30,82.18,78.35
21.53,21.53,49.08,81.21,78.01
16.73,16.73,53.80,81.46,77.01
9.11,9.11,60.40,80.66,78.94
25.55,25.55,71.07,68.45,76.91
20.78,20.78,77.86,57.53,77.60
16.33,16.33,82.70,54.62,79.25
19.17,19.17,82.74,59.48,81.90
21.43,21.43,79.31,63.31,83.55
14.25,14.25,81.93,69.49,80.45
18.98,18.98,79.51,70.20,79.97
22.28,22.28,81.56,71.67,80.11
14.64,14.64,78.13,71.97,77.01
10.91,10.91,82.30,69.82,78.78
9.92,9.92,74.71,75.30,76.43
11.72,11.72,63.91,76.69,80.32
13.65,13.65,58.38,81.77,80.41
16.36,16.36,52.92,81.37,83.21
20.55,20.55,49.18,82.49,83.61
22.52,22.52,48.91,80.76,82.07
20.20,20.20,52.38,79.28,82.59
14.11,14.11,57.61,80.14,80.07
17.69,17.69,68.11,71.10,78.82
16.12,16.12,78.38,63.87,78.66
17.28,17.28,83.10,57.84,77.71
20.96,20.96,82.97,56.98,79.10
26.98,26.98,83.71,61.35,77.50
34.74,34.74,83.17,65.02,79.81
33.76,33.76,81.59,68.99,80.75
28.38,28.38,82.03,70.59,81.98
23.70,23.70,71.88,70.18,81.45
12.45,12.45,71.41,62.00,80.62
11.79,11.79,76.75,68.18,83.89
11.89,11.89,81.49,66.87,82.66
15.97,15.97,83.83,69.07,83.61
18.17,18.17,80.38,71.70,82.57
20.50,20.50,80.13,73.75,83.08
17.06,17.06,83.74,74.10,81.56
12.27,12.27,86.81,78.00,81.49
3.68,3.68,84.84,75.03,80.62
10.45,10.45,78.94,71.19,80.26
23.40,23.40,71.05,74.51,81.77
22.44,22.44,69.64,74.51,82.45
22.14,22.14,72.73,72.93,81.57
25.33,25.33,71.24,74.93,81.74
24.16,24.16,70.75,73.20,81.62
24.34,24.34,70.17,72.55,81.08
28.94,28.94,68.97,73.32,80.93
21.25,21.25,68.23,80.00,81.09
23.63,23.63,65.94,78.26,82.35
20.06,20.06,64.42,81.91,80.16
22.06,22.06,64.15,82.52,81.78
22.94,22.94,64.92,82.03,81.54
19.29,19.29,62.65,82.82,81.59
21.17,21.17,66.48,79.27,82.92
12.70,12.70,62.54,84.37,82.75
9.59,9.59,62.43,80.28,80.92
9.52,9.52,65.00,80.53,81.96
18.31,18.31,72.35,70.36,81.69
13.76,13.76,79.07,62.58,82.27
12.08,12.08,79.99,49.45,82.42
16.54,16.54,83.39,49.05,83.33
20.57,20.57,82.03,57.32,83.18
28.36,28.36,86.05,61.74,83.87
27.30,27.30,84.10,67.35,83.42
26.15,26.15,86.18,69.68,85.41
20.70,20.70,80.61,66.15,83.10
19.23,19.23,79.37,59.71,83.86
10.19,10.19,77.90,55.25,81.67
11.74,11.74,80.96,59.14,82.32
17.60,17.60,81.22,58.59,84.91
17.65,17.65,79.38,57.69,84.79
16.65,16.65,82.00,65.72,84.65
19.46,19.46,82.54,67.92,83.35
19.12,19.12,81.54,68.17,85.58
17.27,17.27,78.72,69.16,84.34
22.56,22.56,79.79,68.83,83.97
26.30,26.30,80.29,68.42,83.77
24.62,24.62,72.23,66.21,84.77
27.50,27.50,77.51,70.60,84.46
29.53,29.53,82.01,70.68,83.71
32.21,32.21,75.62,66.83,84.91
38.09,38.09,73.08,72.65,83.17
48.13,48.13,70.42,69.05,84.11
60.03,60.03,68.14,63.53,82.39
59.84,59.84,71.61,65.09,82.86
55.55,55.55,72.27,74.40,81.78
45.62,45.62,70.86,78.49,81.70
45.82,45.82,73.22,76.27,84.54
56.37,56.37,69.32,60.55,84.80
64.91,64.91,69.54,62.01,84.59
56.73,56.73,70.50,65.89,87.14
56.77,56.77,70.20,76.80,84.79
51.06,51.06,70.36,79.49,85.36
44.16,44.16,72.16,73.08,83.46
49.15,49.15,77.63,58.49,83.34
47.41,47.41,81.60,47.87,82.54
56.94,56.94,83.67,53.34,82.43
69.16,69.16,82.62,57.40,80.54
74.86,74.86,84.94,63.45,80.56
74.03,74.03,84.26,65.66,79.99
67.31,67.31,87.34,66.11,78.88
75.23,75.23,84.19,65.00,75.83
75.39,75.39,83.67,69.65,76.14
72.40,72.40,78.87,73.30,74.57
75.44,75.44,72.84,78.71,76.49
72.62,72.62,67.74,83.01,74.00
72.44,72.44,65.76,81.25,76.77
74.76,74.76,66.12,83.85,74.22
68.96,68.96,65.05,80.90,76.78
69.17,69.17,64.94,83.39,76.22
64.45,64.45,68.99,79.85,75.98
69.39,69.39,75.04,73.77,76.05
70.77,70.77,78.98,56.59,75.48
63.57,63.57,81.67,49.56,74.18
65.20,65.20,82.80,45.83,76.22
66.90,66.90,82.61,41.84,77.37
67.44,67.44,83.91,46.03,76.24
68.02,68.02,83.68,50.96,76.38
71.55,71.55,87.63,57.04,75.82
73.16,73.16,83.64,54.10,73.60
74.40,74.40,85.85,56.43,76.08
74.53,74.53,81.10,65.80,77.06
70.10,70.10,77.65,76.75,78.16
68.76,68.76,67.44,74.51,78.53
66.39,66.39,65.39,82.83,77.50
74.63,74.63,65.61,80.57,77.47
66.51,66.51,65.39,75.57,77.71
64.48,64.48,65.41,80.63,76.03
63.52,63.52,67.57,80.70,75.92
63.63,63.63,72.30,71.10,73.97
65.22,65.22,79.60,61.39,73.31
69.16,69.16,83.87,55.84,72.00
70.12,70.12,84.43,53.43,76.26
68.39,68.39,85.05,54.95,75.05
70.85,70.85,84.94,55.37,76.52
64.49,64.49,83.93,59.72,77.43
65.12,65.12,86.69,60.35,78.16
71.27,71.27,81.41,63.15,79.16
64.30,64.30,84.36,66.43,78.54
70.58,70.58,80.74,70.64,78.87
76.82,76.82,77.34,79.13,78.01
74.18,74.18,67.86,80.14,78.21
73.86,73.86,64.98,83.87,76.49
62.79,62.79,64.66,81.81,76.53
68.68,68.68,64.96,84.16,78.08
70.26,70.26,65.61,81.34,76.29
67.92,67.92,66.59,82.98,78.11
63.25,63.25,72.98,64.15,78.58
69.32,69.32,78.61,51.62,79.13
65.86,65.86,82.22,46.43,75.85
62.55,62.55,81.51,44.39,76.89
69.42,69.42,82.23,54.80,77.75
74.61,74.61,83.64,64.28,77.64
72.76,72.76,81.81,66.87,76.46
72.98,72.98,83.55,66.11,76.40
67.48,67.48,77.74,62.25,77.08
68.33,68.33,80.86,64.71,80.28
64.72,64.72,80.88,74.83,78.52
66.53,66.53,74.98,78.60,78.30
67.66,67.66,67.36,81.81,77.25
71.18,71.18,63.41,80.58,77.17
66.35,66.35,62.96,82.74,76.76
65.64,65.64,62.67,82.21,77.11
63.57,63.57,62.63,80.73,79.94
67.15,67.15,65.66,81.80,78.51
64.96,64.96,70.33,69.67,79.95
64.34,64.34,78.97,57.59,80.82
63.35,63.35,83.13,55.60,81.66
67.14,67.14,84.70,57.68,80.61
65.71,65.71,82.90,59.09,81.28
63.43,63.43,83.91,64.94,79.23
67.79,67.79,81.23,70.73,78.30
69.99,69.99,82.09,68.22,77.43
65.59,65.59,70.98,64.29,78.88
69.50,69.50,72.72,62.56,78.84
66.10,66.10,78.45,74.18,81.69
66.32,66.32,74.26,77.37,81.67
60.58,60.58,65.02,81.33,82.10
57.17,57.17,58.73,78.76,81.44
59.04,59.04,56.63,82.43,81.41
60.98,60.98,55.88,79.75,76.09
64.62,64.62,60.56,82.76,76.80
63.30,63.30,66.53,79.69,77.88
58.20,58.20,75.05,72.47,77.50
57.24,57.24,80.09,54.97,75.46
66.04,66.04,82.45,45.02,79.20
69.24,69.24,82.15,43.13,82.07
64.43,64.43,81.38,47.78,81.64
62.12,62.12,80.62,56.99,77.82
62.60,62.60,79.70,61.26,75.79
59.40,59.40,81.11,62.16,75.75
60.17,60.17,77.78,61.40,79.83
60.37,60.37,69.60,66.05,83.28
59.04,59.04,72.38,69.78,81.63
55.93,55.93,73.58,80.02,81.18
55.30,55.30,65.44,81.08,83.25
53.83,53.83,60.87,82.43,83.51
55.93,55.93,59.60,81.38,81.51
58.85,58.85,58.30,83.78,79.57
56.36,56.36,61.65,83.26,79.30
55.31,55.31,66.27,81.98,80.50
52.67,52.67,74.31,69.40,83.35
54.07,54.07,79.44,60.65,81.29
52.46,52.46,83.19,49.86,81.82
54.14,54.14,85.23,48.36,83.98
58.36,58.36,82.18,50.29,83.35
57.67,57.67,83.05,58.80,81.38
59.94,59.94,82.63,64.09,79.36
54.89,54.89,83.71,65.12,76.83
58.44,58.44,83.23,62.00,78.33
57.50,57.50,76.79,64.80,80.88
58.23,58.23,73.71,64.12,81.35
57.78,57.78,75.51,75.86,82.02
59.84,59.84,68.94,77.81,83.22
55.79,55.79,61.48,82.80,84.11
58.77,58.77,58.34,77.79,82.06
59.01,59.01,60.30,80.84,79.98
58.12,58.12,62.13,77.22,77.93
56.59,56.59,67.50,82.53,79.42
52.79,52.79,73.44,64.52,81.46
52.51,52.51,79.62,54.07,82.92
54.07,54.07,83.08,46.97,81.40
55.83,55.83,82.70,49.61,79.03
57.73,57.73,80.74,51.90,78.43
56.15,56.15,81.78,61.21,78.30
57.10,57.10,82.79,61.99,78.83
55.68,55.68,86.07,62.10,77.65
58.37,58.37,84.63,55.81,79.52
58.72,58.72,81.22,62.66,81.80
56.68,56.68,78.25,72.37,83.12
57.05,57.05,71.48,76.37,82.15
55.80,55.80,68.36,81.40,79.30
55.04,55.04,62.34,80.84,78.25
54.44,54.44,62.35,81.59,79.02
56.01,56.01,63.21,80.87,79.41
55.02,55.02,63.52,81.15,76.38
53.17,53.17,66.12,82.47,76.31
48.28,48.28,72.56,68.33,75.80
43.29,43.29,79.36,59.78,72.88
49.47,49.47,83.66,55.78,72.69
52.33,52.33,85.01,60.30,76.81
54.68,54.68,81.99,57.47,79.63
51.57,51.57,85.49,69.64,80.08
53.06,53.06,84.05,74.08,80.92
54.48,54.48,87.15,69.96,79.53
57.77,57.77,82.88,71.84,78.37
52.46,52.46,84.49,76.54,77.66
53.64,53.64,80.26,71.44,78.35
52.53,52.53,77.73,80.07,76.57
49.65,49.65,68.18,80.67,77.21
42.65,42.65,65.52,80.49,77.51
47.94,47.94,64.19,83.87,77.57
45.82,45.82,64.60,80.78,77.27
46.06,46.06,66.13,82.49,74.01
43.06,43.06,69.24,79.80,74.58
43.25,43.25,75.92,75.43,75.14
42.17,42.17,79.95,59.28,74.88
47.35,47.35,82.62,49.64,75.83
50.25,50.25,81.19,47.85,76.05
48.91,48.91,79.33,51.19,75.99
45.15,45.15,84.03,62.32,75.36
48.27,48.27,83.38,65.33,76.63
46.16,46.16,87.42,64.52,75.32
47.76,47.76,83.48,63.43,75.59
46.16,46.16,85.07,70.82,75.60
47.04,47.04,80.54,67.94,76.22
45.48,45.48,77.87,78.83,77.16
44.85,44.85,65.25,78.94,78.36
40.81,40.81,57.29,78.65,76.76
42.45,42.45,56.49,80.00,77.53
44.71,44.71,63.84,83.02,78.28
45.73,45.73,65.02,78.18,77.78
44.29,44.29,66.00,78.87,77.85
41.51,41.51,69.40,73.73,77.92
41.16,41.16,79.76,65.98,78.84
40.73,40.73,83.04,55.83,80.36
45.12,45.12,81.53,54.48,80.28
46.72,46.72,81.62,58.65,78.73
46.19,46.19,84.56,65.28,77.56
40.23,40.23,83.44,68.33,74.50
40.12,40.12,87.19,70.41,74.73
40.34,40.34,84.64,67.70,73.93
40.94,40.94,84.68,70.22,78.81
42.08,42.08,79.70,70.09,78.39
40.31,40.31,76.40,77.45,78.64
42.04,42.04,64.86,77.63,76.04
42.16,42.16,54.84,82.10,76.27
43.96,43.96,55.79,80.52,76.96
45.40,45.40,61.41,83.81,76.79
42.60,42.60,62.24,78.46,77.97
41.35,41.35,64.49,81.80,77.33
42.13,42.13,69.72,67.94,76.62
38.04,38.04,79.25,52.32,77.80
40.05,40.05,82.59,52.93,77.31
42.75,42.75,80.58,49.20,80.05
46.10,46.10,80.44,57.17,79.92
44.72,44.72,82.33,64.41,78.05
45.58,45.58,81.22,67.41,76.11
49.67,49.67,85.04,69.32,75.09
49.33,49.33,84.17,67.20,76.43
48.54,48.54,82.10,72.36,77.73
49.47,49.47,80.05,73.47,77.67
48.61,48.61,72.51,77.25,78.64
46.88,46.88,67.92,80.93,77.88
46.22,46.22,55.99,82.18,77.77
50.05,50.05,55.27,81.03,76.57
53.53,53.53,61.09,82.07,76.97
50.25,50.25,61.62,79.13,79.47
49.81,49.81,63.10,82.38,78.48
47.81,47.81,66.81,62.59,78.43
49.36,49.36,78.01,44.90,80.15
51.61,51.61,82.15,50.07,79.58
51.54,51.54,82.22,54.06,78.65
50.16,50.16,83.33,61.56,80.91
50.78,50.78,83.66,69.05,80.06
52.69,52.69,81.36,70.99,78.56
52.48,52.48,82.61,67.64,78.72
53.98,53.98,83.47,69.26,77.85
55.12,55.12,78.48,72.70,77.82
55.03,55.03,78.99,70.32,80.40
56.09,56.09,71.41,73.64,79.91
58.80,58.80,66.53,81.22,79.77
59.02,59.02,59.06,79.50,77.94
56.75,56.75,58.15,83.98,75.93
57.90,57.90,56.13,79.86,78.85
57.91,57.91,60.04,81.81,81.04
57.77,57.77,67.12,81.55,75.75
56.27,56.27,74.43,70.93,75.93
52.46,52.46,79.37,51.31,76.13
54.19,54.19,82.24,43.47,77.31
55.13,55.13,79.65,41.19,78.17
58.14,58.14,81.29,43.24,78.95
59.66,59.66,82.76,54.78,77.66
59.05,59.05,79.63,59.11,76.51
58.99,58.99,80.72,60.19,79.08
56.02,56.02,80.00,59.09,75.31
55.36,55.36,75.28,62.51,78.80
55.07,55.07,76.01,62.51,80.21
57.37,57.37,75.10,74.19,79.66
58.72,58.72,68.31,80.68,81.61
57.77,57.77,55.96,80.41,78.92
57.68,57.68,50.57,83.21,79.83
57.44,57.44,55.55,79.86,78.86
58.06,58.06,58.43,83.92,79.41
59.81,59.81,63.59,79.62,77.76
57.15,57.15,68.81,71.85,76.59
57.10,57.10,78.24,54.17,72.98
58.07,58.07,83.16,49.54,75.48
57.70,57.70,82.04,47.76,76.78
58.22,58.22,83.68,51.98,78.68
60.69,60.69,84.53,61.21,78.07
62.03,62.03,81.04,61.62,76.76
60.98,60.98,81.12,64.71,77.41
60.59,60.59,74.14,62.60,78.17
59.73,59.73,69.32,67.96,75.71
58.09,58.09,74.14,65.76,75.61
61.23,61.23,77.82,76.08,78.96
61.73,61.73,69.94,78.74,77.47
63.43,63.43,63.74,83.39,77.43
64.39,64.39,61.94,80.73,75.79
59.92,59.92,55.37,81.57,75.00
61.12,61.12,53.68,81.40,75.49
62.74,62.74,59.12,79.80,73.50
62.48,62.48,71.67,70.10,73.93
63.93,63.93,79.13,51.18,76.86
67.43,67.43,81.67,51.22,76.26
68.19,68.19,80.82,52.99,77.63
63.42,63.42,81.35,62.46,78.01
66.94,66.94,83.91,67.27,79.06
69.81,69.81,81.36,69.19,77.22
68.69,68.69,82.14,67.91,78.36
66.83,66.83,73.03,68.45,75.83
67.41,67.41,70.79,71.81,75.01
66.01,66.01,77.63,71.24,76.45
65.98,65.98,76.78,73.62,75.20
64.58,64.58,66.93,79.79,77.20
61.71,61.71,61.01,84.45,76.05
66.23,66.23,60.78,80.43,78.04
62.40,62.40,61.63,82.72,76.66
59.90,59.90,62.27,81.52,76.12
57.77,57.77,62.56,82.63,73.45
51.04,51.04,68.78,70.48,73.11
51.29,51.29,77.44,55.29,73.98
54.74,54.74,82.74,53.70,73.76
63.68,63.68,82.35,57.82,77.28
66.39,66.39,85.25,57.97,77.81
62.06,62.06,84.86,65.08,80.01
61.59,61.59,82.50,70.07,79.39
61.49,61.49,83.11,70.89,79.31
62.60,62.60,71.70,70.21,79.76
62.10,62.10,67.56,72.06,78.12
62.02,62.02,72.77,68.82,77.37
67.63,67.63,75.58,73.82,78.51
64.88,64.88,67.75,80.01,79.74
58.61,58.61,59.82,80.13,78.29
57.34,57.34,57.35,84.82,78.41
56.36,56.36,56.53,82.03,79.44
54.97,54.97,58.60,81.36,77.50
55.27,55.27,66.07,84.10,77.87
57.27,57.27,74.39,69.03,75.84
60.09,60.09,80.03,55.05,79.66
58.75,58.75,80.75,50.78,75.51
60.95,60.95,81.77,34.92,75.44
59.53,59.53,83.13,46.44,75.04
55.37,55.37,81.39,49.06,75.37
61.53,61.53,84.03,49.18,79.44
60.28,60.28,87.74,52.49,78.08
54.08,54.08,83.53,55.72,78.02
56.34,56.34,85.15,58.74,77.76
51.88,51.88,84.61,62.09,73.95
55.18,55.18,78.27,67.38,75.57
53.49,53.49,72.56,78.63,81.90
54.89,54.89,62.95,80.34,78.70
51.32,51.32,58.38,80.86,79.45
49.73,49.73,48.66,81.58,78.18
51.30,51.30,58.04,80.72,79.94
53.55,53.55,65.48,82.51,77.80
51.56,51.56,71.68,66.64,78.89
51.75,51.75,79.51,59.98,76.48
50.61,50.61,81.82,55.04,76.77
52.36,52.36,82.07,53.66,78.57
53.62,53.62,85.44,60.53,79.41
51.92,51.92,83.13,65.76,77.13
51.68,51.68,80.88,59.49,74.94
55.53,55.53,82.91,65.98,78.46
62.28,62.28,83.61,72.37,77.01
54.48,54.48,81.23,68.22,78.69
54.92,54.92,81.22,72.57,77.80
51.17,51.17,77.51,70.37,77.14
53.02,53.02,67.50,77.37,78.10
53.15,53.15,63.08,83.70,78.90
50.24,50.24,57.65,80.16,79.35
46.55,46.55,48.36,82.22,77.17
53.55,53.55,59.12,82.82,79.35
48.92,48.92,67.23,79.80,76.24
50.26,50.26,75.11,73.46,77.32
44.55,44.55,79.35,57.27,73.61
48.78,48.78,80.55,57.41,74.44
52.19,52.19,79.63,58.73,76.22
52.80,52.80,84.29,62.97,79.55
46.36,46.36,83.01,67.15,78.34
51.90,51.90,82.91,64.33,78.63
55.83,55.83,84.17,67.30,81.45
56.70,56.70,75.25,71.92,82.56
53.51,53.51,72.14,69.58,80.89
53.11,53.11,76.56,71.51,80.44
52.86,52.86,77.05,78.03,80.44
49.77,49.77,71.56,79.08,82.97
48.32,48.32,63.29,80.14,81.99
47.55,47.55,56.12,84.01,78.18
46.79,46.79,50.28,78.92,78.38
51.20,51.20,60.83,82.37,79.80
50.08,50.08,68.41,82.71,80.88
50.07,50.07,73.53,65.83,81.95
50.58,50.58,79.71,52.25,78.97
50.75,50.75,80.93,47.42,78.29
49.30,49.30,84.09,56.46,80.97
46.71,46.71,82.98,58.56,82.53
44.89,44.89,82.84,65.07,82.69
45.18,45.18,84.10,70.74,83.51
47.70,47.70,86.98,71.12,84.05
46.45,46.45,81.75,71.53,83.12
50.45,50.45,81.52,71.83,80.83
52.46,52.46,79.81,74.26,77.43
51.35,51.35,76.62,76.48,78.92
50.13,50.13,67.98,79.00,79.94
47.70,47.70,60.15,81.59,79.94
46.79,46.79,55.37,82.90,79.86
46.49,46.49,54.18,78.11,80.68
46.12,46.12,59.45,80.24,79.73
44.00,44.00,66.04,82.89,78.55
43.68,43.68,74.30,67.62,78.88
45.14,45.14,79.83,52.45,79.52
45.52,45.52,81.19,47.88,76.37
48.52,48.52,80.38,46.59,78.03
45.77,45.77,84.09,52.13,81.97
45.91,45.91,83.63,63.91,82.18
44.89,44.89,82.64,57.76,82.30
45.40,45.40,82.83,64.65,78.79
46.43,46.43,71.97,59.58,79.63
47.23,47.23,71.63,66.25,80.96
43.90,43.90,76.95,65.23,78.77
46.69,46.69,73.97,76.11,78.26
46.76,46.76,73.28,80.04,80.31
49.65,49.65,66.54,79.84,79.03
52.70,52.70,58.85,77.61,80.60
52.55,52.55,53.56,80.70,79.95
48.93,48.93,58.72,81.62,79.42
45.32,45.32,65.17,79.32,80.14
42.41,42.41,71.76,63.19,81.69
41.83,41.83,78.62,55.53,79.71
44.46,44.46,80.67,49.04,78.31
42.62,42.62,82.51,54.33,80.03
38.77,38.77,85.66,50.95,82.89
34.73,34.73,81.76,58.00,84.51
40.55,40.55,81.57,56.29,83.36
41.37,41.37,83.78,64.31,82.86
41.16,41.16,84.55,62.05,81.48
47.68,47.68,84.70,67.46,81.07
49.97,49.97,81.07,69.43,79.24
51.80,51.80,82.02,71.55,79.67
45.33,45.33,75.92,76.80,80.93
43.95,43.95,64.82,78.12,78.19
42.91,42.91,58.68,81.16,80.91
41.79,41.79,51.86,82.01,86.23
41.51,41.51,57.02,79.72,83.41
43.47,43.47,65.01,80.77,81.60
46.50,46.50,73.77,73.59,80.00
48.36,48.36,79.29,60.06,79.32
53.47,53.47,79.52,47.29,76.24
50.91,50.91,81.56,49.79,77.85
46.61,46.61,82.13,53.26,78.83
50.57,50.57,80.87,59.82,79.39
48.49,48.49,83.38,64.21,81.97
43.52,43.52,87.47,63.49,82.14
49.07,49.07,82.16,64.04,78.77
47.82,47.82,82.61,67.51,80.19
45.41,45.41,81.91,70.46,79.24
46.85,46.85,78.74,76.42,77.35
46.40,46.40,71.57,77.49,77.83
48.31,48.31,64.18,81.08,75.34
46.36,46.36,60.07,82.86,77.95
44.42,44.42,59.19,79.78,77.44
46.84,46.84,61.76,80.86,78.05
47.22,47.22,65.64,83.11,77.02
43.14,43.14,70.33,67.62,75.48
46.44,46.44,79.87,60.03,74.45
48.70,48.70,80.84,50.63,73.68
45.18,45.18,82.39,60.97,79.69
49.50,49.50,85.49,61.64,79.52
51.60,51.60,85.43,68.60,79.56
51.78,51.78,81.91,63.70,79.25
50.53,50.53,82.05,76.44,80.60
48.48,48.48,80.20,72.62,78.37
48.15,48.15,72.45,75.38,77.33
45.39,45.39,79.93,71.98,77.87
41.74,41.74,77.32,68.16,76.99
46.88,46.88,84.66,67.48,77.10
44.95,44.95,85.54,74.24,78.98
42.14,42.14,83.68,75.76,77.98
41.08,41.08,82.90,77.66,78.79
46.65,46.65,87.88,73.78,78.04
38.73,38.73,83.77,69.28,78.60
36.79,36.79,79.94,68.02,78.34
39.98,39.98,74.17,67.55,77.30
45.15,45.15,73.11,70.49,76.88
50.02,50.02,72.76,72.90,77.49
57.28,57.28,72.51,72.51,76.99
58.74,58.74,69.96,74.66,77.44
55.75,55.75,69.10,71.69,75.71
53.31,53.31,67.63,76.43,76.64
53.93,53.93,64.98,78.43,76.61
52.02,52.02,62.44,79.44,78.40
54.25,54.25,60.66,85.78,77.57
53.43,53.43,60.35,82.35,77.53
57.04,57.04,60.37,79.61,80.64
52.72,52.72,59.55,82.06,80.60
53.07,53.07,58.90,78.96,79.74
52.17,52.17,58.13,83.94,80.34
53.23,53.23,60.34,78.14,79.85
50.87,50.87,65.92,79.14,80.99
45.61,45.61,72.30,73.53,77.00
37.14,37.14,79.96,69.29,78.22
33.34,33.34,79.07,63.33,77.10
39.80,39.80,84.78,61.17,78.76
36.35,36.35,85.26,65.17,77.39
41.08,41.08,86.31,68.67,76.34
45.55,45.55,82.36,71.80,76.54
44.60,44.60,82.18,71.44,79.71
41.11,41.11,78.54,73.09,80.57
38.90,38.90,74.76,74.23,79.06
36.24,36.24,77.86,69.61,76.59
29.37,29.37,79.53,66.25,76.62
37.00,37.00,82.28,55.53,76.17
32.51,32.51,84.01,52.38,76.60
29.69,29.69,83.11,61.00,77.11
28.88,28.88,81.22,55.39,77.66
29.30,29.30,79.08,54.50,78.68
30.34,30.34,71.30,62.74,75.66
37.95,37.95,80.72,63.13,77.83
35.13,35.13,79.51,66.93,79.44
34.11,34.11,68.95,64.65,78.65
38.84,38.84,76.61,67.06,79.87
40.14,40.14,82.16,74.51,79.47
42.35,42.35,75.67,73.49,80.86
36.91,36.91,72.67,71.19,80.46
31.04,31.04,64.78,73.76,83.05
30.70,30.70,60.38,75.38,80.77
33.78,33.78,64.20,66.70,80.14
39.26,39.26,64.94,79.43,78.85
37.29,37.29,63.82,81.70,80.57
40.61,40.61,64.88,67.50,79.66
36.96,36.96,63.48,76.84,79.31
36.24,36.24,64.70,68.88,78.75
38.06,38.06,66.14,75.32,80.01
48.06,48.06,66.31,67.13,80.06
51.86,51.86,66.20,77.01,80.15
51.55,51.55,66.92,81.86,79.81
42.02,42.02,63.85,72.22,79.09
42.32,42.32,61.10,70.56,78.38
40.98,40.98,59.76,68.46,78.46
37.25,37.25,56.68,66.93,79.23
40.13,40.13,54.67,66.72,80.82
53.18,53.18,54.41,62.17,78.80
48.64,48.64,56.10,51.70,78.41
53.04,53.04,55.99,56.35,77.17
54.16,54.16,56.26,51.15,77.38
56.08,56.08,56.63,43.90,77.26
59.63,59.63,54.93,47.90,77.72
50.60,50.60,54.95,50.24,76.56
58.43,58.43,55.11,44.78,77.13
56.12,56.12,54.74,49.00,76.70
53.02,53.02,54.36,51.06,76.25
56.62,56.62,55.83,41.54,76.57
56.42,56.42,56.59,44.54,77.86
60.72,60.72,59.57,36.26,78.25
53.29,53.29,61.46,36.45,76.10
55.84,55.84,58.52,36.70,76.57
60.84,60.84,59.32,36.99,75.44
63.20,63.20,59.45,32.88,74.21
58.62,58.62,61.22,28.41,76.35
58.64,58.64,58.52,30.96,78.15
59.30,59.30,56.98,30.19,75.03
62.20,62.20,56.16,30.47,75.19
57.11,57.11,56.97,36.78,77.88
61.10,61.10,55.98,34.75,75.99
59.49,59.49,55.51,35.85,75.84
59.50,59.50,53.53,30.96,78.87
63.62,63.62,53.59,32.60,76.51
62.39,62.39,52.69,32.05,76.61
67.13,67.13,52.56,29.46,78.46
63.48,63.48,53.03,32.32,76.60
58.71,58.71,53.54,34.04,75.18
60.64,60.64,56.39,35.94,75.33
60.19,60.19,57.37,37.81,76.24
67.07,67.07,53.43,38.36,77.18
62.74,62.74,52.50,42.15,76.95
65.95,65.95,51.98,39.32,79.57
66.92,66.92,51.18,37.37,78.66
60.38,60.38,47.90,38.89,77.60
68.69,68.69,44.32,35.14,76.33
69.74,69.74,46.84,33.41,78.21
70.42,70.42,47.67,38.45,78.88
67.67,67.67,48.96,33.94,77.14
67.69,67.69,48.08,28.76,78.75
66.66,66.66,46.08,43.68,77.96
63.64,63.64,46.85,33.04,78.19
67.24,67.24,44.08,38.68,77.16
67.38,67.38,47.90,40.49,78.09
69.53,69.53,50.06,27.58,76.16
69.02,69.02,52.33,31.17,78.50
71.24,71.24,57.48,35.35,76.62
71.74,71.74,56.44,30.50,75.01
69.28,69.28,55.59,29.37,76.64
70.14,70.14,56.26,23.79,74.79
71.12,71.12,56.12,28.42,74.04
72.19,72.19,56.80,29.97,75.68
74.66,74.66,53.14,35.13,74.28
74.50,74.50,55.29,27.69,72.90
75.31,75.31,56.73,26.28,73.36
74.56,74.56,57.26,31.10,74.96
70.26,70.26,53.24,20.90,71.53
68.92,68.92,51.83,21.85,71.28
66.40,66.40,48.55,22.62,69.67
64.70,64.70,50.08,18.46,70.77
61.29,61.29,45.29,17.08,71.79
59.78,59.78,51.27,23.04,71.62
63.39,63.39,57.57,26.16,68.62
53.24,53.24,62.83,26.61,70.10
53.50,53.50,71.86,26.77,73.95
51.14,51.14,84.02,41.84,72.48
55.73,55.73,86.12,44.83,71.26
62.84,62.84,87.45,54.48,76.35
70.56,70.56,89.15,64.42,79.26
70.30,70.30,88.12,70.75,78.49
70.34,70.34,86.41,67.02,79.57
69.15,69.15,87.55,76.55,81.00
72.14,72.14,83.67,73.81,81.61
70.51,70.51,80.33,72.56,80.74
68.97,68.97,78.58,76.74,78.80
69.21,69.21,77.19,74.28,78.94
68.15,68.15,70.02,79.81,77.92
66.40,66.40,66.55,78.62,75.80
69.22,69.22,65.49,72.48,78.78
67.67,67.67,62.45,85.16,77.57
63.90,63.90,59.53,74.67,77.88
67.25,67.25,58.07,75.82,78.85
67.88,67.88,62.08,79.00,78.79
68.09,68.09,60.88,71.46,76.93
65.11,65.11,59.19,73.94,74.02
66.60,66.60,59.55,75.45,75.38
65.51,65.51,57.17,75.77,75.61
67.46,67.46,56.01,76.23,77.17
64.69,64.69,56.20,72.85,76.83
62.71,62.71,60.18,77.98,76.33
65.64,65.64,66.59,76.50,75.97
64.26,64.26,73.90,74.66,75.47
61.89,61.89,83.42,68.59,74.36
61.97,61.97,84.90,63.73,73.63
64.49,64.49,86.96,67.84,77.59
64.38,64.38,89.03,70.23,78.19
63.12,63.12,87.77,73.52,78.96
64.39,64.39,86.38,77.19,79.11
63.74,63.74,89.95,75.59,79.76
67.98,67.98,85.08,77.76,79.89
68.13,68.13,83.18,79.95,81.69
72.20,72.20,74.76,77.76,81.80
77.54,77.54,69.89,75.21,80.87
75.79,75.79,73.13,72.87,81.55
69.19,69.19,73.78,74.46,79.55
65.61,65.61,72.46,71.44,78.26
67.25,67.25,72.77,71.66,79.63
66.94,66.94,71.02,75.02,80.25
66.79,66.79,68.52,76.44,79.89
65.50,65.50,65.72,74.90,77.61
64.54,64.54,62.30,84.09,76.74
66.37,66.37,58.58,79.97,76.12
65.92,65.92,56.07,81.88,76.71
67.30,67.30,55.30,80.44,77.79
64.51,64.51,54.86,80.36,76.87
66.01,66.01,54.43,83.17,77.95
66.50,66.50,57.82,80.19,79.30
65.14,65.14,65.45,78.63,80.27
63.07,63.07,72.83,72.24,78.20
63.83,63.83,84.37,65.77,76.91
67.69,67.69,86.49,59.45,77.49
67.56,67.56,87.76,62.29,78.31
66.47,66.47,89.57,62.89,81.20
66.03,66.03,88.89,67.95,80.09
67.50,67.50,86.57,67.75,81.54
67.76,67.76,88.17,76.87,80.13
70.23,70.23,83.28,72.19,79.59
67.72,67.72,79.21,75.79,79.52
66.49,66.49,78.15,72.70,79.30
67.29,67.29,75.72,71.07,80.07
67.03,67.03,69.17,80.61,81.04
67.04,67.04,67.39,77.89,80.34
63.94,63.94,65.65,75.15,80.33
66.79,66.79,61.80,84.70,83.50
65.27,65.27,58.39,77.43,84.35
67.36,67.36,58.42,80.54,81.77
64.68,64.68,61.33,81.35,80.13
67.91,67.91,62.54,74.82,79.77
64.69,64.69,62.30,74.97,78.61
64.73,64.73,57.83,75.36,80.00
67.87,67.87,56.55,74.63,80.54
66.26,66.26,53.92,78.38,80.53
67.88,67.88,53.85,69.55,81.83
66.56,66.56,58.02,79.62,81.94
66.58,66.58,68.32,73.88,78.81
64.07,64.07,73.98,73.42,78.10
59.31,59.31,83.11,71.34,72.38
60.58,60.58,83.87,64.29,74.66
62.49,62.49,87.57,67.92,76.50
61.83,61.83,88.94,73.65,76.21
65.02,65.02,87.55,72.65,80.27
62.13,62.13,86.15,76.29,79.32
60.98,60.98,90.06,74.83,79.58
62.76,62.76,85.86,72.87,80.34
62.66,62.66,85.51,76.08,79.93
60.68,60.68,78.70,73.83,79.13
62.34,62.34,66.44,72.18,78.38
62.20,62.20,59.85,72.43,76.44
62.99,62.99,58.31,76.61,77.75
64.68,64.68,57.40,73.59,79.32
63.81,63.81,57.61,77.03,78.07
64.54,64.54,61.79,77.46,78.10
61.23,61.23,67.25,75.17,77.06
64.19,64.19,74.48,72.11,76.99
58.96,58.96,83.00,64.84,73.33
59.89,59.89,84.27,59.88,76.73
61.52,61.52,85.94,68.57,77.14
59.45,59.45,89.77,75.44,77.61
60.79,60.79,87.00,74.52,79.32
62.10,62.10,85.54,76.95,80.31
62.00,62.00,90.02,76.69,78.71
61.05,61.05,86.68,75.95,78.56
64.21,64.21,81.31,76.64,80.09
66.41,66.41,73.69,76.13,81.02
80.68,80.68,69.58,74.59,79.24
79.58,79.58,73.15,73.95,78.56
71.33,71.33,73.82,76.67,78.95
63.06,63.06,71.83,75.62,78.70
59.49,59.49,71.67,75.50,79.60
59.56,59.56,70.73,77.63,78.49
64.53,64.53,70.31,77.08,77.20
62.20,62.20,66.84,75.31,77.12
61.09,61.09,62.79,83.51,75.69
62.51,62.51,60.11,79.81,77.57
63.11,63.11,58.67,81.49,77.74
63.27,63.27,56.57,81.76,78.42
59.70,59.70,57.07,81.29,79.00
58.67,58.67,57.61,84.62,77.48
59.18,59.18,61.87,80.32,78.67
54.69,54.69,67.47,80.45,78.05
55.79,55.79,75.38,73.54,76.82
52.17,52.17,83.96,61.18,74.54
56.52,56.52,85.86,57.97,74.11
60.02,60.02,86.44,55.64,76.32
59.27,59.27,88.53,60.12,77.92
59.96,59.96,88.92,65.62,78.20
60.11,60.11,86.88,63.22,80.25
60.56,60.56,88.26,72.28,79.92
62.13,62.13,82.34,69.69,80.45
61.72,61.72,77.46,74.43,80.65
62.37,62.37,77.46,73.73,79.01
62.12,62.12,74.31,71.77,78.91
61.90,61.90,67.03,78.90,76.76
63.44,63.44,64.28,80.56,76.83
62.88,62.88,59.40,80.18,79.49
60.36,60.36,56.83,84.11,77.34
60.91,60.91,58.71,79.81,76.00
59.02,59.02,68.10,80.65,76.49
57.29,57.29,73.45,73.00,76.02
54.49,54.49,83.62,60.96,76.52
55.43,55.43,86.53,55.06,75.25
58.18,58.18,87.57,56.63,79.32
58.93,58.93,87.22,60.62,80.12
61.81,61.81,87.96,70.08,80.22
62.95,62.95,86.00,74.35,80.71
60.66,60.66,88.51,78.84,81.38
63.02,63.02,84.16,78.03,82.51
62.99,62.99,81.88,80.80,78.91
63.18,63.18,73.57,79.31,76.41
64.51,64.51,65.59,80.46,78.40
61.26,61.26,64.61,80.22,78.17
59.67,59.67,64.61,80.40,78.60
60.78,60.78,63.86,81.32,79.39
63.19,63.19,61.55,78.84,80.44
62.80,62.80,62.03,81.32,79.42
62.83,62.83,64.07,77.79,77.70
65.90,65.90,66.05,81.71,79.33
62.84,62.84,65.37,75.26,78.73
61.65,61.65,65.07,64.60,77.02
59.28,59.28,63.41,64.11,77.96
57.28,57.28,60.52,66.42,76.84
58.55,58.55,60.48,69.83,78.05
57.92,57.92,58.11,68.80,78.29
58.67,58.67,61.22,71.05,79.11
58.32,58.32,65.54,73.27,79.93
61.20,61.20,73.53,68.64,78.77
55.82,55.82,84.06,51.18,76.09
61.72,61.72,86.68,57.10,76.07
66.92,66.92,87.80,60.58,78.33
71.58,71.58,88.83,65.93,80.67
64.21,64.21,89.51,64.68,78.87
62.65,62.65,88.70,64.10,80.24
67.42,67.42,90.23,67.52,81.69
66.55,66.55,84.58,65.13,82.58
66.95,66.95,85.62,70.30,82.63
74.39,74.39,80.22,71.05,82.32
79.71,79.71,73.18,71.45,78.43
78.10,78.10,74.46,60.41,79.56
71.26,71.26,75.02,62.66,81.64
69.43,69.43,72.56,64.49,80.91
66.16,66.16,73.29,64.88,82.80
66.36,66.36,72.98,69.65,82.25
63.45,63.45,71.61,76.38,80.83
65.71,65.71,66.55,77.84,79.36
64.55,64.55,63.59,80.69,80.38
65.39,65.39,60.73,82.10,80.57
65.52,65.52,58.81,80.80,80.58
69.16,69.16,60.64,81.19,79.55
66.10,66.10,58.69,81.17,80.01
67.50,67.50,58.96,82.96,79.65
64.80,64.80,59.33,79.64,79.71
62.44,62.44,65.48,81.42,77.91
57.25,57.25,72.88,59.37,77.69
61.40,61.40,84.37,51.68,76.64
68.08,68.08,86.81,51.04,73.95
73.13,73.13,87.43,48.90,77.21
70.22,70.22,88.02,55.02,79.01
66.56,66.56,88.06,59.54,79.52
59.92,59.92,86.04,67.16,78.44
66.39,66.39,87.78,69.17,82.46
66.15,66.15,80.77,67.53,81.95
67.84,67.84,80.76,66.93,82.20
69.22,69.22,79.03,77.96,78.49
68.21,68.21,72.60,79.86,77.85
62.10,62.10,64.98,81.34,76.59
59.28,59.28,60.37,79.05,76.07
63.07,63.07,60.48,81.99,78.01
63.31,63.31,59.93,78.95,77.96
62.52,62.52,61.44,79.67,75.83
64.84,64.84,64.78,79.52,76.22
63.43,63.43,73.34,68.99,78.81
59.79,59.79,83.64,47.49,76.03
63.15,63.15,86.48,42.21,76.12
71.69,71.69,87.98,45.69,77.98
71.26,71.26,88.38,53.12,78.62
71.23,71.23,87.27,61.24,77.80
72.42,72.42,86.03,63.86,79.43
73.20,73.20,87.46,63.55,78.64
68.76,68.76,80.55,59.64,77.80
64.87,64.87,75.78,59.66,77.16
71.93,71.93,77.14,71.43,76.27
72.74,72.74,73.28,75.28,75.92
72.56,72.56,64.81,80.50,78.09
71.80,71.80,60.61,76.55,78.40
66.18,66.18,60.35,77.66,78.45
69.29,69.29,59.89,77.25,77.89
68.14,68.14,61.25,82.73,78.78
62.87,62.87,67.28,77.76,78.22
70.55,70.55,73.61,70.52,79.51
70.71,70.71,83.07,52.59,78.15
67.08,67.08,86.83,45.16,76.74
69.36,69.36,87.32,51.59,77.47
73.72,73.72,87.73,52.17,77.16
73.02,73.02,87.41,59.04,77.43
73.01,73.01,86.22,63.09,76.53
70.13,70.13,88.36,65.92,74.85
65.66,65.66,83.45,63.09,74.64
66.05,66.05,76.39,61.52,76.90
69.44,69.44,82.61,65.11,76.34
69.95,69.95,87.00,74.24,74.03
67.05,67.05,88.44,73.32,76.71
70.31,70.31,87.16,69.80,77.36
62.54,62.54,86.15,70.96,79.35
62.67,62.67,84.80,76.09,77.85
65.23,65.23,86.15,76.15,80.49
63.77,63.77,84.68,74.93,78.15
62.13,62.13,76.33,71.43,77.83
63.80,63.80,81.05,62.99,75.14
62.23,62.23,86.45,60.88,76.51
62.28,62.28,88.48,51.87,77.31
64.86,64.86,88.24,42.55,77.04
67.62,67.62,87.62,51.59,77.87
66.71,66.71,87.45,52.65,78.93
65.63,65.63,89.23,52.71,79.39
69.87,69.87,85.04,52.16,79.31
60.85,60.85,81.32,50.58,80.04
54.76,54.76,84.28,53.91,78.82
56.07,56.07,85.86,56.87,76.26
55.49,55.49,87.61,55.28,77.78
58.42,58.42,87.35,57.07,78.56
63.00,63.00,86.03,66.38,80.81
58.45,58.45,82.25,67.30,75.41
61.79,61.79,85.01,75.08,78.34
68.27,68.27,88.10,72.53,77.22
66.79,66.79,85.56,65.16,81.77
71.00,71.00,83.34,63.53,80.00
81.31,81.31,84.65,69.54,75.68
76.95,76.95,83.75,74.10,77.93
72.22,72.22,77.66,65.57,78.41
64.09,64.09,74.98,71.30,77.66
71.50,71.50,73.11,74.31,77.13
67.85,67.85,70.05,73.18,79.91
62.52,62.52,67.36,77.06,77.13
66.46,66.46,64.83,78.30,77.97
64.62,64.62,65.31,81.48,77.74
72.58,72.58,62.06,79.74,77.39
60.57,60.57,59.71,82.92,78.08
63.84,63.84,59.01,79.74,77.56
70.50,70.50,60.17,81.85,79.59
60.91,60.91,58.47,80.75,80.54
60.58,60.58,60.93,81.17,79.84
62.02,62.02,66.90,80.83,80.60
56.36,56.36,75.14,65.65,78.71
60.86,60.86,81.39,49.21,76.85
67.66,67.66,85.77,52.33,75.70
71.65,71.65,86.58,56.93,78.47
72.97,72.97,88.80,65.56,78.13
73.93,73.93,87.82,68.99,79.84
70.89,70.89,86.94,74.37,77.66
69.84,69.84,88.92,71.58,78.63
69.80,69.80,85.97,76.62,80.28
67.92,67.92,84.98,73.58,80.84
67.58,67.58,79.09,77.04,78.73
71.30,71.30,71.48,77.35,79.16
73.95,73.95,67.34,82.27,76.71
76.14,76.14,63.38,81.44,77.29
69.24,69.24,62.02,82.01,79.76
68.12,68.12,61.93,82.33,78.53
70.18,70.18,62.74,82.34,77.69
68.50,68.50,67.92,81.43,77.24
63.28,63.28,74.40,70.55,76.87
62.49,62.49,79.84,57.41,73.97
64.23,64.23,87.44,51.11,74.96
69.80,69.80,87.04,51.05,78.05
71.12,71.12,87.95,57.60,77.88
72.22,72.22,87.42,62.78,78.65
71.57,71.57,87.38,63.20,80.23
71.20,71.20,88.16,62.70,79.41
67.62,67.62,83.52,63.24,79.66
71.49,71.49,78.57,64.89,78.64
70.64,70.64,82.70,69.05,77.25
67.98,67.98,86.64,68.68,75.19
73.57,73.57,86.15,65.51,78.04
77.45,77.45,88.94,73.71,77.73
69.77,69.77,87.66,75.80,77.93
68.06,68.06,86.97,77.81,76.94
71.48,71.48,88.65,76.62,75.99
68.49,68.49,85.35,79.81,78.27
67.16,67.16,82.98,75.32,78.71
72.22,72.22,74.98,75.84,78.59
80.87,80.87,71.07,72.09,76.09
77.47,77.47,74.83,65.99,75.06
68.02,68.02,74.17,64.20,80.56
69.90,69.90,72.99,63.75,77.90
71.09,71.09,72.23,64.52,80.56
73.89,73.89,71.45,58.59,79.72
72.54,72.54,69.75,78.34,76.50
70.70,70.70,65.86,77.17,75.45
70.95,70.95,62.93,82.35,75.13
64.29,64.29,61.39,80.67,78.12
68.01,68.01,61.45,82.91,76.82
63.28,63.28,60.28,81.77,78.16
70.47,70.47,60.69,82.78,78.21
71.10,71.10,61.13,81.18,79.41
69.19,69.19,63.39,82.79,77.07
69.34,69.34,68.38,81.12,75.12
70.52,70.52,73.58,68.78,74.88
64.29,64.29,83.05,51.97,73.86
69.77,69.77,87.91,49.95,72.66
71.29,71.29,87.32,55.19,76.18
74.03,74.03,88.08,52.71,76.90
66.55,66.55,87.93,52.77,77.12
60.54,60.54,87.70,60.72,78.57
68.62,68.62,89.76,67.09,80.32
70.65,70.65,83.83,72.67,80.17
66.60,66.60,80.31,75.48,78.78
66.08,66.08,66.53,73.31,80.50
59.34,59.34,67.21,75.41,77.39
61.21,61.21,64.59,80.24,79.58
59.03,59.03,58.53,81.48,80.44
58.14,58.14,56.72,82.06,79.38
56.43,56.43,57.74,81.87,81.06
56.54,56.54,61.24,81.76,81.02
56.92,56.92,64.61,81.24,80.45
59.83,59.83,73.74,70.03,80.48
58.30,58.30,83.95,55.37,76.75
55.85,55.85,87.43,55.28,75.52
53.69,53.69,86.47,49.86,81.58
56.29,56.29,88.76,59.87,79.69
57.82,57.82,87.06,64.36,81.49
58.94,58.94,87.29,68.92,80.43
56.86,56.86,89.04,66.51,82.47
58.62,58.62,81.85,69.75,81.36
59.60,59.60,80.70,69.39,79.98
54.58,54.58,82.99,68.56,76.84
56.85,56.85,85.47,66.45,77.58
58.05,58.05,87.17,66.84,80.21
55.14,55.14,87.46,64.98,79.59
58.40,58.40,87.54,74.70,79.13
54.39,54.39,88.62,74.71,78.59
55.36,55.36,90.80,75.45,77.20
56.15,56.15,85.04,73.89,79.39
56.82,56.82,84.56,76.12,79.11
53.87,53.87,79.45,74.32,79.27
55.26,55.26,65.08,67.82,77.22
52.32,52.32,61.09,66.77,79.07
54.75,54.75,58.56,61.92,79.58
57.15,57.15,57.76,68.99,79.79
55.27,55.27,55.52,71.26,80.10
55.98,55.98,57.61,72.56,80.01
60.93,60.93,62.70,75.68,80.84
62.77,62.77,70.91,68.28,79.51
55.48,55.48,82.21,46.22,79.16
52.05,52.05,86.33,52.44,76.85
57.27,57.27,87.16,61.80,79.38
59.25,59.25,88.43,68.86,79.61
58.84,58.84,84.07,64.35,80.70
63.66,63.66,84.44,68.44,80.40
57.36,57.36,86.75,70.37,79.17
56.81,56.81,87.02,76.78,78.04
61.90,61.90,78.58,73.03,79.57
65.63,65.63,78.08,72.03,77.98
75.43,75.43,73.82,69.23,76.76
73.61,73.61,73.56,67.93,79.26
67.93,67.93,72.94,65.55,79.92
61.35,61.35,71.61,65.38,80.77
59.80,59.80,69.11,68.39,81.34
63.35,63.35,69.17,76.38,80.43
61.81,61.81,66.85,74.44,80.29
65.96,65.96,63.24,78.75,80.24
66.62,66.62,59.92,82.34,79.00
65.05,65.05,57.02,80.34,78.49
63.25,63.25,57.86,82.18,80.36
62.20,62.20,58.30,81.04,77.46
60.58,60.58,56.41,81.15,78.52
59.25,59.25,55.66,82.38,79.25
59.76,59.76,61.05,79.58,78.19
57.76,57.76,66.57,80.98,78.17
59.67,59.67,74.50,67.30,76.34
57.30,57.30,83.34,52.71,76.11
60.76,60.76,86.24,49.95,75.30
62.51,62.51,87.12,48.02,77.40
64.67,64.67,88.61,51.72,77.11
67.05,67.05,86.83,60.84,79.03
66.94,66.94,88.11,66.24,77.75
65.81,65.81,89.93,61.54,78.87
63.97,63.97,83.57,69.10,76.73
61.00,61.00,81.44,72.42,79.49
60.50,60.50,78.11,70.97,78.11
68.60,68.60,73.36,79.31,75.58
63.96,63.96,65.05,80.03,76.77
62.43,62.43,54.89,79.49,78.23
64.23,64.23,53.64,80.91,76.38
63.29,63.29,54.92,81.77,77.15
60.08,60.08,58.05,81.07,75.28
60.35,60.35,65.04,78.54,76.68
59.70,59.70,72.94,72.03,76.96
57.58,57.58,84.21,54.72,73.99
61.82,61.82,85.74,53.86,74.34
67.15,67.15,87.68,61.23,78.11
62.67,62.67,87.36,63.50,79.41
58.82,58.82,87.58,65.73,79.66
61.83,61.83,86.83,66.99,80.47
61.50,61.50,88.72,69.55,80.16
63.27,63.27,84.58,71.87,81.59
64.25,64.25,84.24,78.07,78.81
64.86,64.86,73.67,78.21,78.30
65.13,65.13,66.18,78.82,78.47
63.71,63.71,63.91,78.81,79.99
63.52,63.52,56.69,79.10,81.37
62.64,62.64,55.42,78.71,81.62
62.94,62.94,55.01,79.86,82.28
60.43,60.43,58.25,80.60,81.72
57.35,57.35,63.53,78.67,81.80
64.58,64.58,73.95,66.08,81.75
64.87,64.87,84.33,53.13,77.10
72.54,72.54,86.45,49.81,77.07
74.39,74.39,85.08,52.12,79.04
70.07,70.07,86.15,58.85,80.43
62.81,62.81,86.50,61.15,80.01
60.41,60.41,86.38,66.44,79.28
60.98,60.98,87.82,70.35,78.37
56.76,56.76,82.50,66.70,76.86
60.91,60.91,79.90,69.69,78.61
60.45,60.45,78.60,76.09,76.87
62.14,62.14,70.98,80.93,78.84
61.48,61.48,63.94,78.85,78.89
59.99,59.99,58.90,79.55,79.27
62.54,62.54,56.09,79.49,80.62
58.96,58.96,55.34,79.30,79.99
59.54,59.54,58.32,80.56,81.64
57.60,57.60,63.93,79.15,79.97
58.99,58.99,72.46,66.50,78.95
59.55,59.55,82.91,52.46,76.22
62.30,62.30,86.47,44.25,74.99
66.08,66.08,87.04,54.83,78.52
65.87,65.87,87.77,58.95,81.16
67.20,67.20,86.77,60.14,80.42
63.52,63.52,86.49,63.72,81.84
64.27,64.27,88.66,65.37,81.94
68.76,68.76,84.74,70.38,81.66
67.06,67.06,84.84,74.45,80.40
63.90,63.90,73.48,76.63,78.51
65.02,65.02,65.53,77.47,80.03
64.80,64.80,64.03,79.37,79.75
61.17,61.17,56.65,79.18,79.98
64.63,64.63,55.75,79.02,79.64
62.02,62.02,55.22,79.77,77.87
57.01,57.01,58.81,80.69,78.46
58.48,58.48,66.19,78.77,77.23
58.97,58.97,74.83,66.02,79.43
62.79,62.79,84.22,48.98,77.14
71.36,71.36,86.28,53.14,76.09
72.67,72.67,85.32,56.61,79.02
67.19,67.19,86.18,57.52,79.78
60.94,60.94,85.97,57.93,80.04
57.70,57.70,86.32,65.61,80.73
58.26,58.26,87.69,71.05,82.47
58.77,58.77,82.58,67.87,82.98
58.00,58.00,80.04,70.68,82.01
59.11,59.11,78.20,76.11,80.04
63.37,63.37,70.39,81.17,80.23
61.29,61.29,62.53,79.36,79.06
58.69,58.69,59.37,79.61,80.63
58.94,58.94,56.44,78.62,81.99
58.80,58.80,54.08,79.51,82.26
60.10,60.10,57.91,80.85,82.07
58.62,58.62,63.33,78.82,81.74
60.24,60.24,72.35,66.16,81.75
57.99,57.99,83.20,50.99,78.18
57.68,57.68,86.54,52.87,76.80
58.97,58.97,87.38,57.59,76.87
58.57,58.57,88.20,60.50,78.67
59.03,59.03,87.65,60.94,78.65
58.36,58.36,87.54,64.37,81.25
58.56,58.56,89.53,62.42,81.43
57.15,57.15,86.67,64.24,80.57
56.41,56.41,80.63,59.60,79.04
52.98,52.98,83.60,62.41,79.52
54.62,54.62,86.48,57.48,78.99
54.74,54.74,87.20,60.11,78.46
58.82,58.82,88.42,61.57,79.35
62.79,62.79,89.08,71.56,78.12
59.60,59.60,88.34,70.24,79.42
62.60,62.60,90.04,70.87,81.03
58.28,58.28,83.38,63.69,81.97
60.51,60.51,82.17,66.50,84.59
65.51,65.51,73.82,68.28,83.74
76.04,76.04,71.55,64.54,82.47
76.79,76.79,71.92,64.60,81.59
66.20,66.20,72.63,66.99,82.31
57.77,57.77,71.41,67.51,82.60
56.83,56.83,68.91,72.37,81.42
57.00,57.00,67.90,73.97,82.59
55.59,55.59,65.66,76.95,82.03
56.97,56.97,63.79,77.39,80.71
57.73,57.73,59.83,81.55,79.00
60.35,60.35,56.82,79.27,77.01
61.92,61.92,56.40,82.65,78.14
59.12,59.12,56.42,80.16,79.48
59.54,59.54,56.60,81.84,79.86
60.88,60.88,56.16,79.13,80.36
57.42,57.42,57.46,81.89,80.91
56.79,56.79,63.20,78.88,80.75
60.90,60.90,72.27,69.38,82.46
58.92,58.92,83.17,51.33,79.75
57.85,57.85,86.04,40.81,78.83
61.02,61.02,86.79,39.07,79.12
58.12,58.12,87.87,42.29,76.59
62.75,62.75,88.09,43.78,77.90
63.69,63.69,86.82,52.81,79.01
63.60,63.60,88.08,56.41,79.34
60.25,60.25,83.97,55.44,76.79
57.55,57.55,79.59,53.43,78.15
57.95,57.95,83.79,48.17,76.38
60.58,60.58,86.13,47.81,76.78
61.14,61.14,85.78,51.29,79.15
60.32,60.32,84.25,51.23,77.47
58.65,58.65,85.38,55.28,76.06
61.83,61.83,87.56,60.46,78.43
60.68,60.68,86.63,52.06,78.55
62.44,62.44,82.38,53.44,78.05
61.07,61.07,84.84,56.29,79.17
67.92,67.92,85.19,57.27,81.05
67.29,67.29,76.42,56.70,81.70
66.46,66.46,82.78,59.90,79.30
64.89,64.89,87.36,60.89,78.00
64.05,64.05,83.63,56.96,80.39
61.51,61.51,79.98,60.50,80.78
70.79,70.79,74.97,62.40,79.77
78.19,78.19,72.26,58.81,76.69
76.57,76.57,73.33,65.68,79.09
73.28,73.28,72.65,68.71,79.30
64.49,64.49,72.57,79.83,81.11
66.96,66.96,73.51,68.67,82.92
70.94,70.94,70.48,63.62,79.75
80.65,80.65,70.32,61.13,79.75
80.32,80.32,73.76,64.61,77.78
71.43,71.43,74.21,74.78,78.85
67.01,67.01,73.56,78.97,79.63
69.69,69.69,71.40,81.06,80.47
70.95,70.95,69.75,72.73,82.93
65.67,65.67,68.22,67.94,78.70
57.15,57.15,62.59,60.86,77.25
57.06,57.06,55.60,66.42,76.69
52.44,52.44,47.59,68.57,76.91
47.33,47.33,40.43,69.08,78.42
44.65,44.65,33.65,68.38,78.52
45.66,45.66,29.99,67.27,77.99
53.11,53.11,31.52,67.92,77.09
52.51,52.51,31.08,65.71,78.67
44.56,44.56,29.95,65.18,78.85
48.27,48.27,33.26,63.78,79.24
42.18,42.18,32.85,62.68,78.16
43.37,43.37,32.16,67.12,79.29
44.90,44.90,31.63,63.90,78.87
45.97,45.97,35.18,63.66,79.47
42.57,42.57,32.37,64.39,77.24
43.49,43.49,29.14,63.95,75.98
42.80,42.80,28.90,60.54,79.89
42.91,42.91,30.56,60.12,79.65
44.29,44.29,34.46,59.93,77.33
47.94,47.94,32.73,61.89,78.72
47.03,47.03,36.94,61.06,77.45
44.73,44.73,35.68,57.94,78.43
44.94,44.94,31.14,57.00,77.90
38.86,38.86,29.63,60.69,77.40
37.54,37.54,28.32,60.22,78.03
37.46,37.46,25.75,57.71,79.60
37.81,37.81,26.87,58.83,78.49
36.03,36.03,26.20,59.26,78.75
34.88,34.88,26.76,58.63,79.35
31.31,31.31,28.05,57.86,79.38
36.98,36.98,27.94,56.60,78.27
34.69,34.69,25.87,56.86,79.51
31.56,31.56,22.69,56.74,78.57
32.38,32.38,26.91,56.86,76.42
30.74,30.74,27.37,56.06,76.25
28.07,28.07,26.02,56.28,78.27
28.28,28.28,25.49,55.50,79.16
28.10,28.10,22.45,56.16,78.26
29.83,29.83,21.82,55.44,77.40
35.77,35.77,23.59,54.30,76.28
30.51,30.51,22.32,51.87,76.53
32.64,32.64,19.49,49.23,76.95
28.96,28.96,18.61,46.13,77.87
27.07,27.07,16.38,44.19,77.44
26.47,26.47,20.04,45.40,78.08
25.81,25.81,20.31,44.08,78.56
27.21,27.21,19.75,46.81,77.68
27.15,27.15,20.98,44.82,77.16
27.69,27.69,23.24,43.36,76.55
30.16,30.16,22.23,46.17,76.42
26.14,26.14,17.25,47.07,77.00
24.07,24.07,21.07,45.56,76.53
26.71,26.71,22.93,45.02,75.89
24.97,24.97,23.77,39.89,74.90
26.67,26.67,24.19,45.40,74.60
24.21,24.21,19.57,41.49,75.69
20.81,20.81,18.51,41.62,73.28
21.93,21.93,18.30,40.09,73.87
19.33,19.33,15.07,39.20,74.75
17.65,17.65,11.38,37.36,75.94
17.82,17.82,10.81,37.18,73.84
16.96,16.96,10.53,38.66,74.89
19.40,19.40,10.20,40.18,75.26
19.84,19.84,11.78,38.56,74.93
22.47,22.47,12.94,35.40,73.18
23.55,23.55,14.04,34.40,73.06
22.16,22.16,12.14,35.54,73.47
19.48,19.48,9.27,38.44,74.75
18.16,18.16,8.24,34.63,73.84
18.04,18.04,8.90,35.55,72.63
16.63,16.63,9.69,33.55,73.48
18.66,18.66,11.58,34.96,73.15
20.96,20.96,12.42,31.74,73.69
22.07,22.07,15.05,33.28,71.95
24.39,24.39,14.67,31.24,72.24
24.46,24.46,13.95,33.74,72.02
23.76,23.76,11.83,30.33,72.50
23.44,23.44,9.88,28.74,69.93
20.23,20.23,9.01,29.99,70.10
19.87,19.87,8.84,29.45,71.37
22.82,22.82,10.45,31.33,70.25
20.28,20.28,11.49,31.94,70.23
22.62,22.62,12.30,32.26,69.55
22.29,22.29,12.51,31.38,70.87
21.12,21.12,11.52,33.19,68.94
23.02,23.02,11.98,33.35,69.71
24.87,24.87,12.33,34.51,70.19
26.87,26.87,12.97,34.24,70.20
28.01,28.01,13.21,34.48,69.67
26.77,26.77,14.56,33.10,68.88
23.80,23.80,12.97,33.61,67.63
25.10,25.10,13.50,35.09,67.98
26.44,26.44,14.45,35.28,67.32
26.71,26.71,13.91,34.70,67.32
26.89,26.89,13.47,36.17,66.56
26.18,26.18,11.84,35.21,67.47
26.78,26.78,13.26,33.33,68.08
27.37,27.37,14.64,32.64,67.73
26.54,26.54,15.06,33.54,67.13
26.52,26.52,16.34,34.10,66.34
27.67,27.67,15.93,34.62,66.90
26.67,26.67,15.33,34.79,66.36
26.84,26.84,15.50,35.23,66.40
26.88,26.88,13.51,35.87,66.68
23.61,23.61,14.45,35.83,64.62
24.25,24.25,17.46,36.16,66.23
24.12,24.12,16.16,36.71,67.64
22.48,22.48,18.34,37.46,66.40
22.54,22.54,20.31,38.30,66.92
25.21,25.21,23.12,38.76,64.45
22.71,22.71,23.85,36.89,65.03
24.94,24.94,21.54,36.00,65.01
26.95,26.95,21.83,35.39,65.50
26.21,26.21,20.85,34.46,64.85
24.11,24.11,21.00,34.85,65.32
24.20,24.20,20.76,35.46,65.02
21.80,21.80,20.92,33.80,65.50
22.87,22.87,20.85,29.94,64.26
31.60,31.60,22.83,33.75,65.51
39.37,39.37,23.63,31.65,65.22
45.92,45.92,23.79,31.97,64.88
51.98,51.98,25.29,32.20,64.12
55.52,55.52,25.44,31.06,62.73
57.37,57.37,27.45,33.92,64.35
57.33,57.33,28.43,33.48,62.12
55.31,55.31,32.77,32.75,62.10
51.36,51.36,31.14,38.87,62.85
51.29,51.29,29.59,39.20,63.06
49.62,49.62,28.52,43.26,62.15
50.33,50.33,26.29,40.63,62.50
46.63,46.63,28.23,43.74,61.62
39.89,39.89,33.96,42.69,62.43
35.80,35.80,33.72,44.85,62.51
42.36,42.36,37.60,44.65,63.24
41.36,41.36,46.07,44.24,60.92
31.86,31.86,48.72,44.30,59.38
33.25,33.25,54.22,42.77,59.49
26.37,26.37,54.45,47.17,57.54
28.89,28.89,55.70,54.13,58.07
26.44,26.44,55.78,53.37,58.94
23.53,23.53,52.97,53.03,55.80
25.72,25.72,52.93,55.14,55.12
24.88,24.88,53.40,51.75,53.41
22.75,22.75,58.65,55.51,53.24
27.23,27.23,51.83,57.39,51.17
24.76,24.76,47.83,53.40,51.59
27.20,27.20,39.87,46.56,52.49
27.05,27.05,36.19,49.80,52.68
27.06,27.06,38.92,46.35,53.65
27.24,27.24,36.64,45.06,53.84
30.15,30.15,36.23,38.68,51.97
32.68,32.68,35.86,34.48,51.38
31.48,31.48,38.09,33.49,50.88
29.65,29.65,39.53,35.16,49.81
28.23,28.23,40.87,29.05,48.53
27.17,27.17,45.86,32.13,47.45
28.44,28.44,50.63,31.69,48.99
29.90,29.90,43.60,30.60,49.92
29.90,29.90,41.95,31.11,50.84
29.34,29.34,40.53,28.95,47.88
30.62,30.62,40.75,22.90,45.64
33.83,33.83,42.02,25.42,46.89
35.28,35.28,36.73,26.19,45.22
35.29,35.29,38.28,20.70,44.04
30.88,30.88,38.50,21.90,42.11
30.68,30.68,32.11,22.17,39.51
31.36,31.36,40.47,23.74,38.82
30.38,30.38,39.68,24.70,42.22
30.23,30.23,43.69,28.65,44.74
30.23,30.23,41.86,25.37,41.68
29.41,29.41,35.93,23.28,37.40
28.35,28.35,40.06,24.69,38.47
29.33,29.33,40.85,23.58,40.67
28.69,28.69,39.25,23.61,38.71
28.35,28.35,35.45,23.67,35.51
26.51,26.51,31.68,18.17,33.84
26.06,26.06,28.69,19.19,31.06
25.72,25.72,36.53,23.21,33.15
24.11,24.11,34.52,20.87,35.40
26.58,26.58,35.16,20.85,35.51
25.50,25.50,35.43,21.29,31.07
23.80,23.80,33.44,18.43,27.76
22.87,22.87,30.81,15.32,27.69
22.90,22.90,28.21,14.40,26.11
21.43,21.43,23.84,15.91,25.85
21.77,21.77,25.02,15.17,25.30
20.09,20.09,21.47,15.29,24.66
18.52,18.52,23.59,13.92,24.46
17.56,17.56,25.32,12.34,23.82
18.66,18.66,26.75,12.28,25.66
17.54,17.54,29.62,14.72,24.35
16.58,16.58,28.50,12.13,21.09
14.19,14.19,35.81,18.94,27.38
15.83,15.83,36.16,19.51,23.49
14.21,14.21,32.66,16.48,21.84
13.74,13.74,20.19,9.47,18.43
13.84,13.84,23.87,10.55,19.73
13.50,13.50,21.62,9.31,21.14
13.42,13.42,26.18,12.17,21.71
14.96,14.96,23.03,9.53,20.17
13.56,13.56,26.52,11.48,17.51
11.52,11.52,30.11,14.41,18.70
10.33,10.33,26.65,13.39,11.91
8.88,8.88,29.00,14.95,17.57
10.17,10.17,29.08,13.54,16.04
11.00,11.00,24.76,10.35,14.11
11.86,11.86,15.61,6.30,14.52
10.26,10.26,16.64,4.95,10.48
9.31,9.31,16.99,5.54,8.96
8.48,8.48,17.95,8.12,8.84
7.41,7.41,16.45,7.21,12.27
5.89,5.89,22.84,10.16,12.31
4.65,4.65,21.61,6.90,11.12
1.40,1.40,19.64,5.99,10.88
1.08,1.08,19.37,4.85,8.33
0.17,0.17,15.74,2.75,6.40
0.12,0.12,20.54,6.52,9.68
0.02,0.02,20.86,6.48,8.63
0.00,0.00,18.84,5.06,7.80
0.01,0.01,13.45,2.36,2.84
0.01,0.01,9.00,0.48,1.32
-0.00,-0.00,6.02,-0.00,0.93
-0.00,-0.00,10.61,1.03,1.69
-0.00,-0.00,14.37,3.34,5.67
-0.00,-0.00,13.58,2.23,3.35
-0.00,-0.00,11.64,0.41,2.60
-0.00,-0.00,10.37,0.09,1.68
-0.00,-0.00,12.91,0.99,3.04
-0.00,-0.00,12.79,0.69,2.57
-0.00,-0.00,8.86,-0.00,1.01
-0.00,-0.00,3.59,-0.00,0.93
-0.00,-0.00,7.76,-0.00,1.10
-0.00,-0.00,9.31,-0.00,0.95
-0.00,-0.00,11.27,0.39,3.05
-0.00,-0.00,7.08,0.20,2.68
-0.00,-0.00,1.59,-0.00,0.93
-0.00,-0.00,4.20,-0.00,0.93
-0.00,-0.00,1.10,-0.00,0.93
-0.00,-0.00,0.78,-0.00,0.93
-0.00,-0.00,-0.00,-0.00,0.93
-0.00,-0.00,-0.00,-0.00,0.93
-0.00,-0.00,-0.00,-0.00,0.93
-0.00,-0.00,-0.00,-0.00,0.93
-0.00,-0.00,-0.00,-0.00,0.93
-0.00,-0.00,-0.00,-0.00,0.93
-0.00,-0.00,-0.00,-0.00,0.93
-0.00,-0.00,-0.00,-0.00,0.93
-0.00,-0.00,-0.00,-0.00,0.93
-0.00,-0.00,-0.00,-0.00,0.93
-0.00,-0.00,-0.00,-0.00,0.93
-0.00,-0.00,-0.00,-0.00,0.93
-0.00,-0.00,-0.00,-0.00,0.93
-0.00,-0.00,-0.00,-0.00,0.93
-0.00,-0.00,-0.00,-0.00,0.93
-0.00,-0.00,-0.00,-0.00,0.93
-0.00,-0.00,-0.00,-0.00,0.93
-0.00,-0.00,-0.00,-0.00,0.93
-0.00,-0.00,-0.00,-0.00,0.93
-0.00,-0.00,-0.00,-0.00,0.93
-0.00,-0.00,-0.00,-0.00,0.93
-0.00,-0.00,-0.00,-0.00,0.93
-0.00,-0.00,-0.00,-0.00,0.93
-0.00,-0.00,-0.00,-0.00,0.93
-0.00,-0.00,-0.00,-0.00,0.93
-0.00,-0.00,-0.00,-0.00,0.93
-0.00,-0.00,-0.00,-0.00,0.93
-0.00,-0.00,-0.00,-0.00,0.93
-0.00,-0.00,-0.00,-0.00,0.93
-0.00,-0.00,-0.00,-0.00,0.93
-0.00,-0.00,-0.00,-0.00,0.93
-0.00,-0.00,-0.00,-0.00,0.93
-0.00,-0.00,-0.00,-0.00,0.93
-0.00,-0.00,-0.00,-0.00,0.93
-0.00,-0.00,-0.00,-0.00,0.93
-0.00,-0.00,-0.00,-0.00,0.93
-0.00,-0.00,-0.00,-0.00,0.93
-0.00,-0.00,-0.00,-0.00,0.93
-0.00,-0.00,-0.00,-0.00,0.93
-0.00,-0.00,-0.00,-0.00,0.93
-0.00,-0.00,-0.00,-0.00,0.93
-0.00,-0.00,-0.00,-0.00,0.93
-0.00,-0.00,-0.00,-0.00,0.93
-0.00,-0.00,-0.00,-0.00,0.93
-0.00,-0.00,-0.00,-0.00,0.93
-0.00,-0.00,-0.00,-0.00,0.93
-0.00,-0.00,-0.00,-0.00,0.93
-0.00,-0.00,-0.00,-0.00,0.93
